Tumor.Sample.ID,Batch,Grade,Initial.Slide.Tumor.Cellularity,Pathologist.Reviewed.Tumor.Cellularity,ABSOLUTE.Purity,Ploidy,Purity.Class.high.or.low,DNA.methylation.leukocyte.percent.estimate,DNA.hypermethylation.mode.purity,mRNA.Moffitt.clusters.76.High.Purity.Samples.Only.1basal.2classical,mRNA.Moffitt.clusters.All.150.Samples.1basal.2classical,mRNA.Collisson.clusters.All.150.Samples.1classical.2exocrine.3QM,mRNA.Bailey.Clusters.All.150.Samples.1squamous.2immunogenic.3progenitor.4ADEX,Methylation.Clusters.76.High.Purity.Samples.Only,Methylation.Clusters.All.150.Samples,Copy.Number.Clusters.All.150.Samples,miRNA.Clusters.All.150.Samples,lncRNA.Clusters.All.150.Samples,RPPA.Clusters.76.High.Purity.Samples.Only,RPPA.Clusters.All.150.Samples,KRAS.Mutated.1.or.0,CDKN2A.Status,CDKN2A.Expression,Mutated.SMGs,Mutated.PanCan.Genes,Mutated.CGC.Genes,Clinical.pathologic.M,Follow.up.cause.of.death,Follow.up.vital.status,Follow.up.tumor.status,Notes,AJCC.pathologic.tumor.stage,Pathology.N.stage,Pathology.T.stage,Anatomic.neoplasm.subdivision,Surgical.procedure,Histological.type.by.DCC,Histological.type.by.RHH,Number.of.lymph.nodes,Radiation.therapy,Residual.tumor,History.of.chronic.pancreatitis,Age.at.initial.pathologic.diagnosis,Date.of.initial.pathologic.diagnosis,Gender,Ethnicity,Race,Number.of.pack.years.smoked,Year.of.tobacco.smoking.onset,Patient,Decision,Other.Notes,tumor.classifier.training,stroma.classifier.training,MoffittTumor,MoffittStroma,survivalA,censorA.0yes.1no
TCGA-2L-AAQE-01A,Batch 410,Grade 3 - Poorly differentiated (49% or less of tumor composed of glands),100,8.333,0.53,1.81,high,0.186533686,0.519177299,1,1,1,1,1,1,Low,1,1,NA,NA,1,Mutated,3.461477182,"KRAS, TP53, CDKN2A","KRAS, TP53, FLG, BCLAF1, CDKN2A","KRAS, TP53, PTK6, CDKN2A",M0,Pancreatic Cancer,Dead,WITH TUMOR,NA,stage iib_n1,n1,t3,head,whipple,pancreas-adenocarcinoma ductal type,Ductal adenocarcinoma,1,no,r0,yes,56,2011,male,NA,white,30,NA,TCGA-2L-AAQE,whitelist,NA,TRUE,TRUE,basal,activated,684,1
TCGA-XD-AAUL-01A,Batch 410,Grade 2 - Moderately differentiated (50% to 95% of tumor composed of glands),60,40,0.34,1.88,high,0.259522147,0.291937811,1,1,1,1,2,2,Low,2,1,1,1,1,NA,0.063893023,"KRAS, TP53","KRAS, TP53, DNMT3A","PRDM16, MUTYH, KRAS, TP53, FUBP1, DNMT3A, KMT2D",MX,[Not Available],Alive,TUMOR FREE,NA,stage ia.ib.iia_n0,n0,t3,head,whipple,pancreas-adenocarcinoma ductal type,Ductal adenocarcinoma,0,no,r0,yes,56,2013,male,not hispanic or latino,white,30,1984,TCGA-XD-AAUL,whitelist,NA,TRUE,TRUE,basal,activated,498,0
TCGA-3A-A9IN-01A,Batch 410,NA,NA,NA,NA,NA,NA,NA,NA,NA,NA,NA,NA,NA,NA,NA,NA,NA,NA,NA,NA,NA,NA,NA,NA,NA,NA,NA,NA,NA,NA,NA,NA,NA,NA,NA,NA,Neuroendocrine,NA,NA,NA,NA,NA,NA,NA,NA,NA,NA,NA,TCGA-3A-A9IN,exclude,NA,FALSE,FALSE,NA,NA,NA,NA
TCGA-3A-A9IS-01A,Batch 410,NA,NA,NA,NA,NA,NA,NA,NA,NA,NA,NA,NA,NA,NA,NA,NA,NA,NA,NA,NA,NA,NA,NA,NA,NA,NA,NA,NA,NA,NA,NA,NA,NA,NA,NA,NA,Neuroendocrine,NA,NA,NA,NA,NA,NA,NA,NA,NA,NA,NA,TCGA-3A-A9IS,exclude,NA,FALSE,FALSE,NA,NA,NA,NA
TCGA-2L-AAQJ-01A,Batch 410,Grade 3 - Poorly differentiated (49% or less of tumor composed of glands),40,5.333,0.44,1.87,high,0.269569572,0.465900178,2,2,1,3,1,1,Low,1,1,1,1,1,NA,3.472625393,"KRAS, TP53, TGFBR2","KRAS, SACS, TP53, TGFBR2","GAS7, CLIP1, KRAS, TP53, SETBP1, BCL11A, TGFBR2, CACNA1D",MX,Pancreatic Cancer,Dead,WITH TUMOR,NA,stage iii,n0,t4,head,whipple,pancreas-adenocarcinoma ductal type,Ductal adenocarcinoma,0,no,r1,no,49,2010,female,NA,white,NA,NA,TCGA-2L-AAQJ,whitelist,NA,TRUE,TRUE,classical,normal,394,1
TCGA-2L-AAQI-01A,Batch 410,Grade 3 - Poorly differentiated (49% or less of tumor composed of glands),5,10.667,0.29,1.81,low,0.157656693,0.371489446,LowPurity,1,2,3,LowPurity,2,High,3,2,LowPurity,3,1,NA,0.162355267,"KRAS, TP53","KRAS, TP53, DIAPH1, KDM6A","NCOR2, KRAS, TP53, KDM6A, RNF213",MX,Pancreatic Cancer,Dead,WITH TUMOR,NA,stage iib_n1,n1,t3,head,whipple,pancreas-adenocarcinoma ductal type,Ductal adenocarcinoma,6,no,r1,yes,66,2011,male,NA,white,NA,NA,TCGA-2L-AAQI,whitelist,NA,TRUE,TRUE,basal,normal,103,1
TCGA-3A-A9IB-01A,Batch 410,Grade 3 - Poorly differentiated (49% or less of tumor composed of glands),80,26.25,0.38,1.97,high,0.274776839,0.393818354,1,1,3,1,2,2,Low,1,1,1,1,1,NA,3.580465505,"KRAS, TP53","KRAS, TP53, TAP1","KRAS, FANCA, TP53",MX,[Unknown],Dead,[Unknown],NA,stage iib_n1,n1,t3,head,whipple,pancreas-adenocarcinoma ductal type,Adenosquamous,5,no,r0,yes,69,2011,female,not hispanic or latino,white,5,1962,TCGA-3A-A9IB,whitelist,NA,TRUE,TRUE,basal,normal,224,1
TCGA-3A-A9IU-01A,Batch 410,Grade 3 - Poorly differentiated (49% or less of tumor composed of glands),80,45,0.58,1.91,high,0.103707642,0.521503992,1,1,2,1,2,2,Low,1,1,1,1,1,Mutated,1.727485402,"KRAS, TP53, CDKN2A, ARID1A","KRAS, TP53, CDKN2A, ARID1A","KRAS, TP53, CDKN2A, ARID1A",MX,Pancreatic Cancer,Dead,WITH TUMOR,NA,stage iib_n1,n1,t3,head,whipple,pancreas-adenocarcinoma ductal type,Ductal adenocarcinoma,2,no,r0,no,65,2011,male,not hispanic or latino,white,NA,NA,TCGA-3A-A9IU,whitelist,NA,TRUE,TRUE,basal,activated,458,1
TCGA-2L-AAQM-01A,Batch 410,NA,NA,NA,NA,NA,NA,NA,NA,NA,NA,NA,NA,NA,NA,NA,NA,NA,NA,NA,NA,NA,NA,NA,NA,NA,NA,NA,NA,NA,NA,NA,NA,NA,NA,NA,NA,Neuroendocrine,NA,NA,NA,NA,NA,NA,NA,NA,NA,NA,NA,TCGA-2L-AAQM,exclude,NA,FALSE,FALSE,NA,NA,NA,NA
TCGA-FB-AAPS-01A,Batch 410,Grade 3 - Poorly differentiated (49% or less of tumor composed of glands),70,13.333,0.46,2,high,0.367533234,0.266118164,1,1,2,2,2,2,Low,1,1,NA,NA,1,NA,0.902462623,"KRAS, TP53, RREB1","KRAS, TP53, SETD2","KRAS, TP53, SETD2",MX,[Not Available],Alive,[Unknown],NA,stage iib_n1,n1,t2.n1,head,whipple,pancreas-adenocarcinoma ductal type,Ductal adenocarcinoma,1,yes,r0,no,62,2008,female,not hispanic or latino,white,10,1960,TCGA-FB-AAPS,whitelist,NA,TRUE,TRUE,basal,activated,228,0
TCGA-HV-AA8X-01A,Batch 410,Grade 1 - Well differentiated (greater than 95% of tumor composed of glands),22,20,0.63,1.93,high,0.07559779,0.565337093,2,2,1,3,1,1,Low,2,2,NA,NA,1,NA,0.690562204,"KRAS, TP53, SMAD4","KDM6A, KRAS, TP53, SMAD4, ALPK2","KDM6A, KRAS, GPHN, TP53, SMAD4",MX,[Unknown],Dead,WITH TUMOR,NA,stage iib_n1,n1,t2.n1,tail or body,distal pancreatectomy,pancreas-adenocarcinoma ductal type,Ductal adenocarcinoma,3,no,NA,no,75,2013,female,NA,asian,NA,NA,TCGA-HV-AA8X,whitelist,NA,TRUE,TRUE,classical,activated,532,1
TCGA-LB-A9Q5-01A,Batch 410,Grade 3 - Poorly differentiated (49% or less of tumor composed of glands),70,22.5,0.24,2,low,0.193784213,0.194414546,LowPurity,1,2,4,LowPurity,NA,non-Aneuploid,3,1,LowPurity,1,1,NA,0.36921136,"KRAS, TP53, SMAD4","KRAS, TP53, SMAD4","KRAS, CCND2, TP53, SMAD4",MX,Pancreatic Cancer,Dead,WITH TUMOR,NA,stage iib_n1,n1,t3,head,whipple,pancreas-adenocarcinoma ductal type,Ductal adenocarcinoma,3,yes,r0,no,63,2013,female,not hispanic or latino,white,0.3,1971,TCGA-LB-A9Q5,whitelist,NA,TRUE,TRUE,basal,normal,313,1
TCGA-RL-AAAS-01A,Batch 410,NA,NA,NA,NA,NA,NA,NA,NA,NA,NA,NA,NA,NA,NA,NA,NA,NA,NA,NA,NA,NA,NA,NA,NA,NA,NA,NA,NA,NA,NA,NA,NA,NA,NA,NA,NA,stroma,NA,NA,NA,NA,NA,NA,NA,NA,NA,NA,NA,TCGA-RL-AAAS,pseudonormal,NA,FALSE,TRUE,NA,normal,NA,NA
TCGA-HZ-A9TJ-01A,Batch 424,Grade 2 - Moderately differentiated (50% to 95% of tumor composed of glands),100,20,0.52,3.45,high,0.077147409,0.591027198,2,2,1,3,1,1,High,2,2,NA,NA,1,Mutated,4.168155381,"KRAS, TP53, CDKN2A","KRAS, TP53, MUC17, CDKN2A","KRAS, MYO5A, TP53, CDKN2A",M1,[Not Available],Alive,WITH TUMOR,metastatic,stage iv,n0,t3,tail or body,NA,pancreas-adenocarcinoma-other subtype,Ductal adenocarcinoma,0,no,r0,NA,70,2013,male,not hispanic or latino,white,NA,NA,TCGA-HZ-A9TJ,whitelist,NA,TRUE,TRUE,classical,normal,NA,NA
TCGA-3A-A9IJ-01A,Batch 410,NA,NA,NA,NA,NA,NA,NA,NA,NA,NA,NA,NA,NA,NA,NA,NA,NA,NA,NA,NA,NA,NA,NA,NA,NA,NA,NA,NA,NA,NA,NA,NA,NA,NA,NA,NA,Neuroendocrine,NA,NA,NA,NA,NA,NA,NA,NA,NA,NA,NA,TCGA-3A-A9IJ,exclude,NA,FALSE,FALSE,NA,NA,NA,NA
TCGA-3A-A9IH-01A,Batch 410,Grade 1 - Well differentiated (greater than 95% of tumor composed of glands),50,30,0.51,1.83,high,0.144247839,0.497991459,1,1,1,3,1,1,Low,2,1,3,3,1,NA,3.351400992,"KRAS, TP53, SMAD4","KRAS, TP53, SMAD4, APC","KRAS, TP53, SMAD4, APC",MX,[Not Available],Alive,WITH TUMOR,NA,stage ia.ib.iia_n0,n0,t1_or_t2.n0,tail or body,NA,pancreas-adenocarcinoma ductal type,Ductal adenocarcinoma,0,no,r0,yes,66,2012,female,not hispanic or latino,white,NA,NA,TCGA-3A-A9IH,whitelist,NA,TRUE,TRUE,basal,normal,1021,0
TCGA-RB-AA9M-01A,Batch 410,Grade 3 - Poorly differentiated (49% or less of tumor composed of glands),22,27.5,0.1,2,low,0.2780195,0.254507188,LowPurity,1,1,2,LowPurity,NA,Low,2,1,LowPurity,2,1,Mutated,2.435335409,"KRAS, TP53, CDKN2A","KRAS, TP53, MUC17, CDKN2A","DDB2, KRAS, TP53, FLT4, CDKN2A, RNF213",MX,[Not Available],Alive,WITH TUMOR,NA,stage iib_n1,n1,t1.n1,tail or body,distal pancreatectomy,pancreas-adenocarcinoma ductal type,Ductal adenocarcinoma,1,yes,r0,no,43,2013,male,not hispanic or latino,white,NA,NA,TCGA-RB-AA9M,whitelist,NA,TRUE,TRUE,basal,normal,286,0
TCGA-IB-AAUQ-01A,Batch 424,Grade 3 - Poorly differentiated (49% or less of tumor composed of glands),40,17.5,0.25,1.93,low,0.242468449,0.37393933,LowPurity,1,3,1,LowPurity,2,Low,1,1,LowPurity,NA,1,NA,4.136902169,"KRAS, TP53","KRAS, TP53","MEN1, KRAS, TP53, LIFR",M0,Pancreatic Cancer,Dead,WITH TUMOR,NA,stage iib_n1,n1,t3,tail or body,distal pancreatectomy,pancreas-adenocarcinoma ductal type,Ductal adenocarcinoma,13,no,r1,no,50,2013,male,not hispanic or latino,white,69,1978,TCGA-IB-AAUQ,whitelist,NA,TRUE,TRUE,basal,activated,183,1
TCGA-2J-AABP-01A,Batch 424,NA,NA,NA,NA,NA,NA,NA,NA,NA,NA,NA,NA,NA,NA,NA,NA,NA,NA,NA,NA,NA,NA,NA,NA,NA,NA,NA,NA,NA,NA,NA,NA,NA,NA,NA,NA,Undifferentiated,NA,NA,NA,NA,NA,NA,NA,NA,NA,NA,NA,TCGA-2J-AABP,exclude,NA,FALSE,FALSE,NA,NA,NA,NA
TCGA-3A-A9J0-01A,Batch 424,Grade 1 - Well differentiated (greater than 95% of tumor composed of glands),60,32.5,0.47,3.28,high,0.171958863,0.558463522,2,2,1,3,1,1,High,1,2,NA,NA,0,Deleted,0.056194279,TP53,"ERBB2, TP53, CTNNB1","ERBB2, TP53, CTNNB1, KMT2C",MX,[Not Available],Alive,WITH TUMOR,NA,stage iib_n1,n1,t3,head,whipple,pancreas-adenocarcinoma ductal type,Ductal adenocarcinoma,5,no,r0,no,75,2012,male,not hispanic or latino,white,NA,NA,TCGA-3A-A9J0,whitelist,NA,TRUE,TRUE,classical,activated,743,0
TCGA-FB-AAQ3-01A,Batch 424,Grade 2 - Moderately differentiated (50% to 95% of tumor composed of glands),100,18.333,0.38,1.89,high,0.14787463,0.435679212,2,2,2,3,2,2,Low,1,2,NA,NA,1,Deleted,0.16991019,"SMAD4, KRAS","SMAD4, KRAS, SETD2, STAG2, U2AF1","SMAD4, KRAS, SETD2, STAG2, TERT, U2AF1",MX,Surgical Complications,Dead,TUMOR FREE,NA,stage iib_n1,n1,t3,head,whipple,pancreas-adenocarcinoma ductal type,Ductal adenocarcinoma,1,no,r0,no,65,2010,female,not hispanic or latino,white,NA,NA,TCGA-FB-AAQ3,whitelist,NA,TRUE,TRUE,classical,activated,31,0
TCGA-FB-AAQ1-01A,Batch 424,Grade 3 - Poorly differentiated (49% or less of tumor composed of glands),100,25,0.39,1.75,high,0.19024385,0.448406556,1,1,2,4,1,1,High,3,1,NA,NA,1,NA,2.425169762,KRAS,"KRAS, FLG","KRAS, WRN, KMT2D, KMT2C",MX,[Unknown],Dead,WITH TUMOR,NA,stage iib_n1,n1,t3,head,whipple,pancreas-adenocarcinoma ductal type,Ductal adenocarcinoma,3,no,r1,no,49,2011,male,not hispanic or latino,white,NA,NA,TCGA-FB-AAQ1,whitelist,NA,TRUE,TRUE,basal,normal,123,1
TCGA-2J-AAB9-01A,Batch 424,Grade 2 - Moderately differentiated (50% to 95% of tumor composed of glands),70,8.5,NA,2.02,low,0.301421323,0.241874965,LowPurity,1,2,4,LowPurity,NA,Low,1,1,LowPurity,NA,1,NA,0.601127993,"KRAS, TP53","KRAS, TP53, KDM6A","KRAS, TP53, KDM6A",M0,Pancreatic Cancer,Dead,WITH TUMOR,NA,stage iib_n1,n1,t3,head,whipple,pancreas-adenocarcinoma ductal type,Ductal adenocarcinoma,6,yes,r0,no,70,2012,female,NA,white,NA,NA,TCGA-2J-AAB9,whitelist,NA,TRUE,TRUE,basal,normal,627,1
TCGA-2J-AABA-01A,Batch 424,Grade 2 - Moderately differentiated (50% to 95% of tumor composed of glands),70,2.5,0.34,1.83,high,0.303755343,0.420577531,2,2,1,3,2,2,Low,1,2,NA,NA,0,NA,0.051180024,"SMAD4, ARID1A, RREB1","NF1, SMAD4, ARID1A, DNMT3A, FBXW7","MLLT4, NF1, SMAD4, ARID1A, DNMT3A, FBXW7, WRN",M0,Pancreatic Cancer,Dead,WITH TUMOR,NA,stage iib_n1,n1,t3,head,whipple,pancreas-adenocarcinoma ductal type,Ductal adenocarcinoma,2,no,r1,yes,55,2012,male,NA,white,51,NA,TCGA-2J-AABA,whitelist,NA,TRUE,TRUE,classical,normal,607,1
TCGA-2J-AABR-01A,Batch 424,Grade 2 - Moderately differentiated (50% to 95% of tumor composed of glands),35,11,0.09,1.97,low,0.397231917,0.220028269,LowPurity,1,2,4,LowPurity,NA,Low,3,1,LowPurity,NA,1,NA,0.332623645,"KRAS, TP53","KRAS, TP53","KRAS, TP53, TPR, RNF213",M0,[Not Available],Alive,WITH TUMOR,NA,stage ia.ib.iia_n0,n0,t3,other (please specify),whipple,pancreas-adenocarcinoma ductal type,Ductal adenocarcinoma,0,no,r0,no,60,2013,female,NA,white,NA,NA,TCGA-2J-AABR,whitelist,NA,TRUE,TRUE,basal,normal,438,0
TCGA-FB-AAQ6-01A,Batch 424,Grade 2 - Moderately differentiated (50% to 95% of tumor composed of glands),45,13.333,0.63,1.87,high,0.113516718,0.587854831,2,2,1,3,1,1,Low,2,2,NA,NA,1,Methylated,0.241567569,"KRAS, TP53, SMAD4, TGFBR2, RREB1","GOT1, KRAS, TP53, SMAD4, EP300, TGFBR2","PCSK7, KRAS, TP53, SMAD4, CHEK2, EP300, TGFBR2, JAK2",MX,Pancreatic Cancer,Dead,WITH TUMOR,NA,stage ia.ib.iia_n0,n0,t1_or_t2.n0,tail or body,distal pancreatectomy,pancreas-adenocarcinoma ductal type,Ductal adenocarcinoma,0,no,r0,no,85,2011,male,not hispanic or latino,white,NA,NA,TCGA-FB-AAQ6,whitelist,NA,TRUE,TRUE,classical,activated,244,1
TCGA-FB-AAPP-01A,Batch 424,NA,NA,NA,NA,NA,NA,NA,NA,NA,NA,NA,NA,NA,NA,NA,NA,NA,NA,NA,NA,NA,NA,NA,NA,NA,NA,NA,NA,NA,NA,NA,NA,NA,NA,NA,NA,IPMN,NA,NA,NA,NA,NA,NA,NA,NA,NA,NA,NA,TCGA-FB-AAPP,exclude,NA,FALSE,FALSE,NA,NA,NA,NA
TCGA-2J-AABE-01A,Batch 424,Grade 2 - Moderately differentiated (50% to 95% of tumor composed of glands),15,32.5,0.38,1.99,high,0.257738964,0.397354816,1,1,1,3,2,2,Low,1,2,NA,NA,1,NA,0.463922558,"SMAD4, KRAS, RNF43","SMAD4, KRAS, CD1D","SMAD4, KRAS, RNF43, EWSR1",M0,[Not Available],Alive,TUMOR FREE,NA,stage ia.ib.iia_n0,n0,t3,tail or body,distal pancreatectomy,pancreas-adenocarcinoma ductal type,Ductal adenocarcinoma,0,yes,r0,no,73,2012,male,NA,white,2.2,1960,TCGA-2J-AABE,whitelist,NA,TRUE,TRUE,basal,activated,676,0
TCGA-2J-AABT-01A,Batch 424,Grade 2 - Moderately differentiated (50% to 95% of tumor composed of glands),100,14,0.25,2.02,low,0.272422694,0.291589588,LowPurity,2,1,2,LowPurity,NA,Low,2,2,LowPurity,NA,1,NA,0.071454159,KRAS,"FBXW7, KRAS","FBXW7, KRAS, RNF213",M0,[Not Available],Alive,[Unknown],NA,stage iib_n1,n1,t3,head,whipple,pancreas-adenocarcinoma ductal type,Ductal adenocarcinoma,1,NA,r0,yes,72,2012,female,NA,white,NA,NA,TCGA-2J-AABT,whitelist,NA,TRUE,TRUE,classical,normal,319,0
TCGA-FB-AAPQ-01A,Batch 424,Grade 2 - Moderately differentiated (50% to 95% of tumor composed of glands),40,15,0.47,1.9,high,0.106436325,0.482536843,2,2,1,3,1,1,Low,1,2,NA,NA,1,NA,1.179934933,"TP53, KRAS, SMAD4","TP53, KRAS, SMAD4","TP53, KRAS, SMAD4",MX,[Unknown],Dead,[Unknown],NA,stage iib_n1,n1,t3,head,whipple,pancreas-adenocarcinoma ductal type,Ductal adenocarcinoma,4,no,r0,no,65,2008,male,not hispanic or latino,white,25,1983,TCGA-FB-AAPQ,whitelist,NA,TRUE,TRUE,classical,activated,1130,1
TCGA-HV-AA8V-01A,Batch 424,Grade 2 - Moderately differentiated (50% to 95% of tumor composed of glands),25,20,0.13,3.86,low,0.298993728,0.233531221,LowPurity,1,1,1,LowPurity,NA,Low,1,2,LowPurity,NA,1,NA,0.180959942,"KRAS, TP53, SMAD4, GNAS","IPO7, KRAS, TP53, SMAD4, MAP4K3","KRAS, TP53, SMAD4, GNAS, MYH9, GATA2, CACNA1D, KMT2C",MX,[Not Available],Alive,[Not Available],NA,stage iib_n1,n1,t3,head,NA,pancreas-adenocarcinoma ductal type,Ductal adenocarcinoma,3,no,NA,no,50,2012,male,NA,asian,60,NA,TCGA-HV-AA8V,whitelist,NA,TRUE,TRUE,basal,activated,920,0
TCGA-2J-AABV-01A,Batch 424,Grade 2 - Moderately differentiated (50% to 95% of tumor composed of glands),40,20,0.11,2.01,low,0.057339805,0.174846972,LowPurity,2,2,4,LowPurity,NA,Low,3,2,LowPurity,NA,1,NA,0.164690633,"KRAS, TP53","ATM, KRAS, TP53","ATM, ARHGEF12, KRAS, TP53",M0,Pancreatic Cancer,Dead,WITH TUMOR,NA,stage iib_n1,n1,t3,head,whipple,pancreas-adenocarcinoma ductal type,Ductal adenocarcinoma,13,no,r1,no,74,2012,male,NA,white,30,NA,TCGA-2J-AABV,whitelist,NA,TRUE,TRUE,classical,normal,652,1
TCGA-2J-AABF-01A,Batch 424,Grade 3 - Poorly differentiated (49% or less of tumor composed of glands),100,8.5,0.31,1.84,low,0.387617347,0.364698566,LowPurity,2,2,3,LowPurity,2,High,2,2,LowPurity,NA,1,Mutated,1.05103528,"KRAS, TP53, CDKN2A","TCP11L2, KRAS, TP53, CD1D, APC, CNBD1, CDKN2A","KRAS, TP53, APC, CDKN2A",M0,Pancreatic Cancer,Dead,WITH TUMOR,NA,stage iib_n1,n1,t3,head,whipple,pancreas-adenocarcinoma ductal type,Ductal adenocarcinoma,4,yes,r1,no,73,2012,male,NA,white,7.5,1960,TCGA-2J-AABF,whitelist,NA,TRUE,TRUE,classical,normal,691,1
TCGA-2J-AABU-01A,Batch 424,Grade 3 - Poorly differentiated (49% or less of tumor composed of glands),100,30,0.52,1.83,high,0.175637831,0.413559976,1,1,3,1,2,2,High,1,1,NA,NA,1,Deleted,0.087454377,"KRAS, TP53","KRAS, TP53, SMARCA4","KRAS, TP53, MLLT4, PMS2, SMARCA4",M0,Pancreatic Cancer,Dead,WITH TUMOR,NA,stage iib_n1,n1,t3,head,whipple,pancreas-adenocarcinoma ductal type,Ductal adenocarcinoma,2,no,r0,no,56,2012,male,NA,white,NA,NA,TCGA-2J-AABU,whitelist,NA,TRUE,TRUE,basal,activated,277,1
TCGA-HZ-A9TJ-06A,NA,NA,NA,NA,NA,NA,NA,NA,NA,NA,NA,NA,NA,NA,NA,NA,NA,NA,NA,NA,NA,NA,NA,NA,NA,NA,NA,NA,NA,NA,NA,NA,NA,NA,NA,NA,NA,NA,NA,NA,NA,NA,NA,NA,NA,NA,NA,NA,NA,NA,metastasis,NA,FALSE,FALSE,NA,NA,NA,NA
TCGA-FB-AAPU-01A,Batch 424,Grade 2 - Moderately differentiated (50% to 95% of tumor composed of glands),60,45,0.7,2,high,0.102913659,0.524432132,2,2,1,3,2,2,Low,2,2,NA,NA,1,Deleted,0.041518865,KRAS,KRAS,"BRCA2, KRAS, FH, FIP1L1",MX,Pancreatic Cancer,Dead,WITH TUMOR,NA,stage ia.ib.iia_n0,n0,t3,head,whipple,pancreas-adenocarcinoma ductal type,Other,0,no,r1,yes,41,2008,female,not hispanic or latino,asian,NA,NA,TCGA-FB-AAPU,whitelist,NA,TRUE,TRUE,classical,normal,381,1
TCGA-2J-AABH-01A,Batch 424,Grade 2 - Moderately differentiated (50% to 95% of tumor composed of glands),35,25,0.49,1.91,high,0.145756989,0.488712455,2,2,2,3,1,1,High,3,2,NA,NA,1,NA,2.013633843,"TP53, KRAS","TP53, ANK3, KRAS","TP53, KRAS, BCL11A",M0,[Not Available],Alive,WITH TUMOR,NA,stage ia.ib.iia_n0,n0,t3,tail or body,distal pancreatectomy,pancreas-adenocarcinoma-other subtype,Ductal adenocarcinoma,0,no,r0,no,61,2011,male,NA,white,NA,NA,TCGA-2J-AABH,whitelist,NA,TRUE,TRUE,classical,activated,1287,0
TCGA-FB-AAPY-01A,Batch 424,Grade 2 - Moderately differentiated (50% to 95% of tumor composed of glands),20,3.333,0.26,1.92,low,0.360453002,0.370869025,LowPurity,2,2,3,LowPurity,2,Low,2,2,LowPurity,NA,1,NA,0.949302153,"TP53, KRAS, SMAD4","TP53, KRAS, MAP2K4, SMAD4, KDM6A","TP53, KRAS, MAP2K4, SMAD4, CNOT3, KDM6A",MX,[Unknown],Dead,TUMOR FREE,Grade based on original submitted diagnosis,stage iib_n1,n1,t2.n1,head,whipple,pancreas-adenocarcinoma ductal type,Ductal adenocarcinoma,2,yes,r0,NA,71,2007,male,not hispanic or latino,white,25,1960,TCGA-FB-AAPY,whitelist,NA,TRUE,TRUE,classical,activated,1059,1
TCGA-2J-AAB1-01A,Batch 424,Grade 2 - Moderately differentiated (50% to 95% of tumor composed of glands),40,6.5,0.38,1.94,high,0.202205008,0.502006741,2,2,1,3,1,1,Low,2,2,NA,NA,1,Deleted,0.581869466,"KRAS, TP53, GNAS, TGFBR2","KRAS, TP53, ELF3, SF3B1, TGFBR2, APC, CUL4B","KRAS, CYLD, TP53, GNAS, SF3B1, TGFBR2, APC",M0,Pancreatic Cancer,Dead,TUMOR FREE,NA,stage iib_n1,n1,t3,head,whipple,pancreas-adenocarcinoma-other subtype,Ductal adenocarcinoma,7,no,r0,no,65,2012,male,NA,white,25,1962,TCGA-2J-AAB1,whitelist,NA,TRUE,TRUE,classical,normal,66,1
TCGA-XD-AAUG-01A,Batch 424,Grade 3 - Poorly differentiated (49% or less of tumor composed of glands),50,11.333,0.11,1.91,low,0.210711784,0.184060857,LowPurity,2,2,2,LowPurity,NA,Low,2,2,LowPurity,NA,1,NA,0.745344592,"KRAS, TP53","KRAS, TP53, SPEN","KRAS, COL1A1, TP53, SPEN",M1,[Not Available],Alive,TUMOR FREE,M1 status,stage iv,n1,t3,other (please specify),NA,pancreas-adenocarcinoma ductal type,Ductal adenocarcinoma,1,no,r0,NA,66,2013,female,not hispanic or latino,white,NA,NA,TCGA-XD-AAUG,whitelist,NA,TRUE,TRUE,classical,activated,NA,NA
TCGA-2J-AAB4-01A,Batch 424,Grade 2 - Moderately differentiated (50% to 95% of tumor composed of glands),40,3.5,0.3,1.95,low,0.200515871,0.319091279,LowPurity,2,1,3,LowPurity,NA,Low,2,2,LowPurity,NA,1,NA,2.991488833,"SMAD4, KRAS, TP53","SMAD4, KRAS, TP53, DNER","SMAD4, KRAS, TP53",M0,[Not Available],Alive,TUMOR FREE,NA,stage iib_n1,n1,t2.n1,tail or body,distal pancreatectomy,pancreas-adenocarcinoma-other subtype,Ductal adenocarcinoma,0,no,r0,yes,48,2012,male,NA,white,NA,NA,TCGA-2J-AAB4,whitelist,NA,TRUE,TRUE,classical,activated,729,0
TCGA-2J-AABI-01A,Batch 424,Grade 3 - Poorly differentiated (49% or less of tumor composed of glands),30,32.5,0.7,1.75,high,0.141710151,0.68139628,1,1,3,1,1,1,High,1,1,NA,NA,1,NA,2.594902351,"TP53, SMAD4, KRAS","TP53, SMAD4, KRAS","TP53, SMAD4, KRAS",M0,[Not Available],Alive,WITH TUMOR,NA,stage ia.ib.iia_n0,n0,t3,head,whipple,pancreas-adenocarcinoma-other subtype,Adenosquamous,0,yes,r0,yes,55,2011,female,NA,white,42,1973,TCGA-2J-AABI,whitelist,NA,TRUE,TRUE,basal,activated,969,0
TCGA-3A-A9IV-01A,Batch 424,NA,NA,NA,NA,NA,NA,NA,NA,NA,NA,NA,NA,NA,NA,NA,NA,NA,NA,NA,NA,NA,NA,NA,NA,NA,NA,NA,NA,NA,NA,NA,NA,NA,NA,NA,NA,Neuroendocrine,NA,NA,NA,NA,NA,NA,NA,NA,NA,NA,NA,TCGA-3A-A9IV,exclude,NA,FALSE,FALSE,NA,NA,NA,NA
TCGA-FB-AAPZ-01A,Batch 424,Grade 2 - Moderately differentiated (50% to 95% of tumor composed of glands),80,40,0.68,3.13,high,0.071044303,0.656588807,1,1,2,1,1,1,High,2,1,NA,NA,1,Deleted,0.215962077,"KRAS, TP53, GNAS","KRAS, TP53, RHOA","KRAS, TP53, RHOA, GNAS",MX,[Not Available],Alive,[Unknown],NA,stage iib_n1,n1,t2.n1,head,whipple,pancreas-adenocarcinoma ductal type,Ductal adenocarcinoma,1,no,r0,no,54,2008,male,not hispanic or latino,white,NA,NA,TCGA-FB-AAPZ,whitelist,NA,TRUE,TRUE,basal,normal,716,0
TCGA-XD-AAUH-01A,Batch 424,Grade 3 - Poorly differentiated (49% or less of tumor composed of glands),60,9.929,0.1,2,low,0.452442587,0.199432802,LowPurity,1,3,2,LowPurity,NA,non-Aneuploid,2,2,LowPurity,NA,1,NA,0.825554669,"TP53, KRAS","TP53, KRAS","MYH11, TP53, JAK3, GATA2, SRGAP3, KMT2C, SMAD3, KRAS",M0,[Not Available],Alive,[Unknown],NA,stage iib_n1,n1,t3,head,whipple,pancreas-adenocarcinoma ductal type,Ductal adenocarcinoma,7,yes,NA,no,57,2013,female,not hispanic or latino,white,NA,NA,TCGA-XD-AAUH,whitelist,NA,TRUE,TRUE,basal,normal,395,0
TCGA-3A-A9IX-01A,Batch 424,Grade 2 - Moderately differentiated (50% to 95% of tumor composed of glands),65,12.5,0.2,2,low,0.333799907,0.207681078,LowPurity,1,2,4,LowPurity,NA,Low,3,1,LowPurity,1,1,NA,0.566978436,"KRAS, SMAD4","KRAS, SMAD4, FBXW7","KRAS, HERPUD1, SMAD4, FBXW7",MX,[Not Available],Alive,TUMOR FREE,NA,stage ia.ib.iia_n0,n0,t1_or_t2.n0,head,whipple,pancreas-adenocarcinoma ductal type,Ductal adenocarcinoma,0,yes,r0,no,40,2012,male,not hispanic or latino,white,2.3,1988,TCGA-3A-A9IX,whitelist,NA,TRUE,TRUE,basal,normal,1037,0
TCGA-2J-AABK-01A,Batch 424,Grade 2 - Moderately differentiated (50% to 95% of tumor composed of glands),100,11.5,0.2,1.88,low,0.199819404,0.325272666,LowPurity,2,2,3,LowPurity,1,Low,2,2,LowPurity,NA,1,Mutated,0.810163807,"KRAS, TP53, CDKN2A","KRAS, TP53, BRAF, CDKN2A","KRAS, KDM5A, TP53, RNF213, MLLT11, BRAF, CDKN2A, TERT",M0,[Not Available],Alive,TUMOR FREE,NA,stage iib_n1,n1,t3,other (please specify),whipple,pancreas-adenocarcinoma ductal type,Ductal adenocarcinoma,2,yes,r1,no,71,2012,male,NA,white,NA,NA,TCGA-2J-AABK,whitelist,NA,TRUE,TRUE,classical,normal,484,0
TCGA-2J-AAB6-01A,Batch 424,Grade 3 - Poorly differentiated (49% or less of tumor composed of glands),60,25,0.54,2.4,high,0.115531056,0.542460457,1,1,3,1,1,1,Low,1,1,NA,NA,1,NA,0.165590254,"KRAS, TP53","KRAS, TP53, CDC27","KRAS, TP53, MN1, PTPN13",M0,Pancreatic Cancer,Dead,WITH TUMOR,NA,stage ia.ib.iia_n0,n0,t3,tail or body,distal pancreatectomy,pancreas-adenocarcinoma ductal type,Ductal adenocarcinoma,0,no,r0,no,75,2012,male,NA,white,NA,NA,TCGA-2J-AAB6,whitelist,NA,TRUE,TRUE,basal,activated,293,1
TCGA-FB-AAQ0-01A,Batch 424,Grade 3 - Poorly differentiated (49% or less of tumor composed of glands),8,20,0.67,1.88,high,0.09761262,0.5411565,2,2,1,3,1,1,High,1,2,NA,NA,1,Deleted,0.067757286,"KRAS, TP53","KRAS, TP53, TAP1","KRAS, DICER1, MYH11, TP53, CNBP",MX,[Unknown],Dead,TUMOR FREE,NA,stage ia.ib.iia_n0,n0,t3,head,whipple,pancreas-adenocarcinoma ductal type,Ductal adenocarcinoma,0,no,r0,no,68,2011,male,not hispanic or latino,white,NA,NA,TCGA-FB-AAQ0,whitelist,NA,TRUE,TRUE,classical,activated,473,1
TCGA-XD-AAUI-01A,Batch 424,Grade 3 - Poorly differentiated (49% or less of tumor composed of glands),60,18.125,0.21,1.91,low,0.342448493,0.292530769,LowPurity,1,2,2,LowPurity,NA,Low,1,1,LowPurity,NA,1,Deleted,0.422545532,"KRAS, TP53","KRAS, TP53, MTOR, MYCN, XIRP2","NUP98, KRAS, TP53, MTOR, MYCN, FBXO11, TRRAP",MX,Pancreatic Cancer,Dead,WITH TUMOR,NA,stage iib_n1,n1,t3,head,whipple,pancreas-adenocarcinoma ductal type,Ductal adenocarcinoma,10,no,r1,NA,50,2013,female,not hispanic or latino,white,NA,1979,TCGA-XD-AAUI,whitelist,NA,TRUE,TRUE,basal,normal,366,1
TCGA-2J-AAB8-01A,Batch 424,Grade 2 - Moderately differentiated (50% to 95% of tumor composed of glands),70,30,0.27,1.81,low,0.418580215,0.356728725,LowPurity,2,1,3,LowPurity,1,High,1,2,LowPurity,NA,1,NA,1.258652187,"KRAS, TP53, SMAD4","KRAS, TP53, SMAD4, MUC17","KRAS, TP53, SMAD4, CAMTA1",M0,[Not Available],Alive,TUMOR FREE,NA,stage iib_n1,n1,t3,head,whipple,pancreas-adenocarcinoma ductal type,Ductal adenocarcinoma,3,NA,r1,no,71,2012,male,NA,white,NA,NA,TCGA-2J-AAB8,whitelist,NA,TRUE,TRUE,classical,activated,80,0
TCGA-3A-A9IZ-01A,Batch 424,Grade 1 - Well differentiated (greater than 95% of tumor composed of glands),65,45,0.56,1.96,high,0.305244777,0.411849653,1,1,1,1,2,2,High,3,1,4,4,1,NA,0.027420424,"KRAS, TP53","KRAS, TP53, FLG, DNMT3A, NOTCH1","KRAS, TP53, DNMT3A, XPC, NOTCH1",MX,Pancreatic Cancer,Dead,WITH TUMOR,NA,stage iib_n1,n1,t3,head,whipple,pancreas-adenocarcinoma ductal type,Ductal adenocarcinoma,3,no,r1,no,47,2012,male,hispanic or latino,white,NA,NA,TCGA-3A-A9IZ,whitelist,NA,TRUE,TRUE,basal,activated,308,1
TCGA-2J-AABO-01A,Batch 424,Grade 3 - Poorly differentiated (49% or less of tumor composed of glands),35,12.5,0.24,3.57,low,0.152230016,0.463316626,LowPurity,1,2,4,LowPurity,1,High,1,1,LowPurity,NA,1,NA,0.200934071,"KRAS, TP53","KRAS, ERBB3, TP53, EP300, BCLAF1, CHD4","CBL, KRAS, ERBB3, TP53, TRIM33, FCGR2B, EP300, CBLB, KMT2C, CHD4",M0,[Not Available],Alive,WITH TUMOR,NA,stage iib_n1,n1,t3,head,whipple,pancreas-adenocarcinoma ductal type,Ductal adenocarcinoma,8,yes,r0,no,43,2013,male,NA,white,7.5,1993,TCGA-2J-AABO,whitelist,NA,TRUE,TRUE,basal,activated,440,0
TCGA-Z5-AAPL-01A,Batch 424,Grade 2 - Moderately differentiated (50% to 95% of tumor composed of glands),70,7,0.1,2,low,0.808066766,0.221175287,LowPurity,2,3,2,LowPurity,NA,non-Aneuploid,3,2,LowPurity,NA,1,NA,0.023472168,"KRAS, TP53, PBRM1","KRAS, TP53, PBRM1, FAT1","KRAS, PTPRB, TP53, PBRM1, FAT1",M0,[Not Available],Alive,TUMOR FREE,NA,stage ia.ib.iia_n0,n0,t3,tail or body,NA,pancreas-adenocarcinoma ductal type,Ductal adenocarcinoma,0,no,r0,NA,74,2013,female,not hispanic or latino,white,NA,NA,TCGA-Z5-AAPL,whitelist,NA,TRUE,TRUE,classical,normal,21,0
TCGA-FB-AAQ2-01A,Batch 424,Grade 3 - Poorly differentiated (49% or less of tumor composed of glands),27,18.333,0.46,1.95,high,0.259776966,0.484814831,1,1,3,1,1,1,High,1,1,NA,NA,1,NA,1.262577104,"KRAS, TP53","KRAS, TP53, TET2","KRAS, TP53, TET2, OMD, RNF213",MX,[Unknown],Dead,WITH TUMOR,NA,stage iib_n1,n1,t3,head,whipple,pancreas-adenocarcinoma ductal type,Ductal adenocarcinoma,2,no,r1,no,81,2011,female,not hispanic or latino,white,NA,NA,TCGA-FB-AAQ2,whitelist,NA,TRUE,TRUE,basal,normal,153,1
TCGA-F2-6879-01A,Batch 195,Grade 3 - Poorly differentiated (49% or less of tumor composed of glands),55,30,0.67,1.87,high,0.056295608,0.580016051,2,2,1,3,1,1,Low,2,1,4,4,1,NA,0.618282384,"KRAS, TP53","KRAS, TP53, COL5A1","FAT4, KRAS, TP53, FLT4",M0,[Unknown],Dead,WITH TUMOR,NA,stage iib_n1,n1,t3,head,whipple,pancreas-adenocarcinoma-other subtype,Ductal adenocarcinoma,2,no,r0,no,57,2009,male,NA,white,NA,NA,TCGA-F2-6879,whitelist,NA,TRUE,TRUE,classical,activated,334,1
TCGA-HZ-7925-01A,Batch 195,Grade 2 - Moderately differentiated (50% to 95% of tumor composed of glands),NA,16.667,0.24,1.91,low,0.33412365,0.338446891,LowPurity,1,3,2,LowPurity,2,Low,2,1,LowPurity,1,1,NA,0.153425563,"KRAS, TP53","KRAS, MPO, TP53","KRAS, TP53",MX,Pancreatic Cancer,Dead,WITH TUMOR,NA,stage iib_n1,n1,t3,head,whipple,pancreas-adenocarcinoma ductal type,Ductal adenocarcinoma,2,no,r0,NA,66,2011,male,not hispanic or latino,white,NA,NA,TCGA-HZ-7925,whitelist,NA,TRUE,TRUE,basal,activated,614,1
TCGA-HZ-7923-01A,Batch 195,NA,NA,NA,NA,NA,NA,NA,NA,NA,NA,NA,NA,NA,NA,NA,NA,NA,NA,NA,NA,NA,NA,NA,NA,NA,NA,NA,NA,NA,NA,NA,NA,NA,NA,NA,NA,stroma,NA,NA,NA,NA,NA,NA,NA,NA,NA,NA,NA,TCGA-HZ-7923,pseudonormal,NA,FALSE,TRUE,NA,normal,NA,NA
TCGA-IB-7654-01A,Batch 195,NA,NA,NA,NA,NA,NA,NA,NA,NA,NA,NA,NA,NA,NA,NA,NA,NA,NA,NA,NA,NA,NA,NA,NA,NA,NA,NA,NA,NA,NA,NA,NA,NA,NA,NA,NA,systemic treatment given to the prior/other malignancy,NA,NA,NA,NA,NA,NA,NA,NA,NA,NA,NA,TCGA-IB-7654,exclude,NA,FALSE,FALSE,NA,NA,NA,NA
TCGA-IB-7651-01A,Batch 195,Grade 3 - Poorly differentiated (49% or less of tumor composed of glands),99,23.333,0.17,2.06,low,0.272889752,0.473926578,LowPurity,2,2,2,LowPurity,1,Low,2,1,LowPurity,1,1,NA,0.67898063,"KRAS, RNF43, SMAD4, ARID1A, GNAS, TGFBR2, PBRM1, RREB1","GOT1, SMC3, TCF7L2, FGFR2, CCDC6, ANK3, ARID5B, GATA3, TBC1D12, ATM, MICALCL, HRAS, INPPL1, GNPTAB, PTPN11, TBX3, POLE, KRAS, ARID2, ACVR1B, ITGB7, ERBB3, ATP5B, CDK4, CHD4, NTN4, ING1, SACS, WASF3, FLT3, RB1, AKT1, CHD8, FOXA1, OTUD7A, MGA, TP53BP1, MAP2K1, LCTL, IDH2, CREBBP, CTCF, CDH1, ZFHX3, PLCG2, MAP2K4, NCOR1, NF1, CDK12, ERBB2, BRCA1, MPO, CD79B, DDX5, GNA13, AXIN2, ZNF750, CEP76, MBD1, SMAD4, ALPK2, SERPINB13, COL5A3, KEAP1, SMARCA4, STK11, ALKBH6, ZNF180, ERCC2, ARHGAP35, PPP2R1A, ZNF471, MTOR, NRAS, FAM46C, FLG, NUP210L, CD1D, SPEN, EPHA2, NBPF1, SELP, GNB1, ELF3, IRF6, ITPKB, CNKSR1, ARID1A, OMA1, TPX2, TTLL9, ASXL1, ADNP, SMARCB1, APOL2, EP300, ZRANB3, MYCN, XIRP2, CASP8, IDH1, DNER, DNMT3A, ASXL2, SOS1, MAP4K3, XPO1, PCBP1, TGFBR2, ACVR2B, ZNF620, CTNNB1, SETD2, PBRM1, DNAH12, TET2, FBXW7, FGFBP1, FGFR3, SNX25, FAT1, KIT, ODAM, APC, DIAPH1, NSD1, IL7R, MAP3K1, PIK3R1, BHMT2, RASA1, PRDM1, MED23, SGK1, BCLAF1, QKI, CAP2, HIST1H3B, HIST1H1E, HLA-A, TAP1, MUC17, CUX1, SLC26A3, MET, KEL, EZH2, CARD11, EGFR, GUSB, AZGP1, RAD21, TCEB1, PPP6C, TSC1, RXRA, COL5A1, NOTCH1, FAM166A, ACO1, MORC4, CUL4B, FRMD7, MXRA5, BCOR, DDX3X, RBM10, KDM5C, SMC1A, MED12","NFKB2, SUFU, VTI1A, TCF7L2, KIAA1598, FGFR2, MLLT10, ABI1, KIF5B, KLF6, RET, NCOA4, CCDC6, TET1, PRF1, GATA3, BMPR1A, ATM, DDX10, ZBTB16, PCSK7, DDX6, ARHGEF12, FLI1, KCNJ5, CARS, NUP98, EXT2, CREB3L1, HRAS, MEN1, NUMA1, LMO1, PICALM, MAML2, PTPN11, ERC1, TBX3, ETV6, HNF1A, BCL7A, CLIP1, ZCCHC8, NCOR2, POLE, KRAS, KDM5A, CCND2, ARID2, COL2A1, SMARCD1, ATF1, HOXC13, HOXC11, ERBB3, NACA, NAB2, STAT6, CDK4, LRIG3, WIF1, CHD4, MDM2, PTPRB, ERCC5, FLT3, BRCA2, LCP1, RB1, HSP90AA1, AKT1, CCNB1IP1, NKX2-1, FOXA1, NIN, KTN1, HIF1A, TSHR, TRIP11, GOLGA5, DICER1, BCL11B, BUB1B, CASC5, USP8, MYO5A, MAP2K1, PML, NTRK3, IDH2, CRTC3, BLM, CIITA, ERCC4, MYH11, TSC2, TRAF7, PALB2, IL21R, FUS, AXIN1, CREBBP, CYLD, HERPUD1, CDH11, CTCF, ZFHX3, MAF, CBFA2T3, FANCA, GRIN2A, MAP2K4, YWHAE, NCOR1, FLCN, TAF15, CDK12, ERBB2, STAT3, BRCA1, ETV4, COL1A1, USP6, RABEP1, MSI2, RNF43, CLTC, BRIP1, CD79B, DDX5, AXIN2, PRKAR1A, RNF213, PER1, GAS7, ZNF521, SS18, SETBP1, SMAD4, MALT1, KDSR, DNM2, SMARCA4, STK11, CALR, DNAJB1, BRD4, TCF3, JAK3, ELL, CRTC1, CCNE1, GNA11, LSM14A, AKT2, MAP2K2, CIC, SH3GL1, BCL3, CBLC, ERCC2, PPP2R1A, ZNF331, CNOT3, FSTL3, RBM15, MTOR, TRIM33, NRAS, ATP1A1, FAM46C, NOTCH2, PDE4DIP, BCL9, TPM3, MUC1, PRCC, NTRK1, FCRL4, SPEN, PBX1, ABL2, PAX7, CDC73, PTPRC, SLC45A3, ARID1A, LCK, PRDM16, THRAP3, CSF3R, TAL1, STIL, EPS15, JAK1, CAMTA1, ASXL1, PLCG1, SDC4, NFATC2, GNAS, PTK6, CLTCL1, LZTR1, SMARCB1, MN1, EWSR1, MYH9, PDGFB, MKL1, EP300, AFF3, RANBP2, PAX8, ERCC3, CXCR4, MYCN, HOXD13, PMS1, CASP8, IDH1, ERBB4, ATIC, ACSL3, C2orf44, NCOA1, DNMT3A, ALK, STRN, EML4, MSH2, MSH6, FBXO11, BCL11A, REL, XPO1, DCTN1, TFG, FANCD2, CBLB, PPARG, RAF1, GATA2, CNBP, XPC, ATR, WWTR1, MLF1, MECOM, SOX2, MAP3K13, ETV5, EIF4A2, LPP, TGFBR2, MLH1, CTNNB1, SETD2, NCKIPSD, PBRM1, CACNA1D, MITF, FOXP1, SRGAP3, TET2, LEF1, FAT4, FBXW7, FGFR3, FAT1, WHSC1, SLC34A2, RHOH, PHOX2B, FIP1L1, PDGFRA, KIT, KDR, PTPN13, AFF1, RAP1GDS1, APC, TERT, ACSL6, PDGFRB, CD74, ITK, EBF1, PWWP2A, RANBP17, FGFR4, NSD1, FLT4, SDHA, IL7R, LIFR, IL6ST, PIK3R1, FOXO3, ROS1, RSPO3, PTPRK, TNFAIP3, ECT2L, ESR1, ARID1B, FGFR1OP, MLLT4, HIST1H3B, HLA-A, DAXX, CCND3, NFKBIE, CUX1, MET, POT1, SND1, SMO, CREB3L2, TRIM24, KIAA1549, ETV1, FAM131B, EZH2, MNX1, HOXA11, HOXA13, CARD11, IKZF1, EGFR, PMS2, ELN, HIP1, AKAP9, TRRAP, UBR5, RAD21, EXT1, RECQL4, PCM1, NRG1, IKBKB, CHCHD7, NCOA2, NBN, NR4A3, TAL2, KLF4, PPP6C, ABL1, NUP214, TSC1, RALGDS, BRD3, NOTCH1, NFIB, FANCG, PAX5, JAK2, CD274, GNAQ, SYK, FANCC, PTCH1, GPC3, ATP2B3, RPL10, ZRSR2, P2RY8, BCOR, RBM10, TFE3, KDM5C, MED12, ATRX, KMT2D, KMT2C",M0,Pancreatic Cancer,Dead,WITH TUMOR,NA,stage iib_n1,n1,t3,head,whipple,pancreas-adenocarcinoma ductal type,Ductal adenocarcinoma,3,no,r0,no,64,2009,female,not hispanic or latino,white,20,1989,TCGA-IB-7651,whitelist,NA,TRUE,TRUE,classical,activated,603,1
TCGA-F2-7276-01A,Batch 195,NA,NA,NA,NA,NA,NA,NA,NA,NA,NA,NA,NA,NA,NA,NA,NA,NA,NA,NA,NA,NA,NA,NA,NA,NA,NA,NA,NA,NA,NA,NA,NA,NA,NA,NA,NA,stroma,NA,NA,NA,NA,NA,NA,NA,NA,NA,NA,NA,TCGA-F2-7276,pseudonormal,NA,FALSE,TRUE,NA,normal,NA,NA
TCGA-HZ-7926-01A,Batch 195,Grade 2 - Moderately differentiated (50% to 95% of tumor composed of glands),NA,5,0.16,1.88,low,0.31577142,0.314329676,LowPurity,2,2,3,LowPurity,1,Low,3,1,LowPurity,NA,1,Mutated,0.196718728,"CDKN2A, KRAS","HIST1H4E, CDKN2A, KRAS, FLT3, NBPF1","CDKN2A, KRAS, FLT3, TSC2, MUC1, ERBB4",MX,Pancreatic Cancer,Dead,WITH TUMOR,NA,stage iib_n1,n1,t3,head,whipple,pancreas-adenocarcinoma ductal type,Ductal adenocarcinoma,2,NA,NA,NA,57,2011,male,not hispanic or latino,black or african american,NA,NA,TCGA-HZ-7926,whitelist,NA,TRUE,TRUE,classical,normal,518,1
TCGA-IB-7885-01A,Batch 195,Grade 3 - Poorly differentiated (49% or less of tumor composed of glands),80,8.667,0.16,1.73,low,0.42600921,0.285658501,LowPurity,1,3,1,LowPurity,2,Low,1,1,LowPurity,1,1,NA,0.106142101,"KRAS, TGFBR2","KRAS, EP300, TGFBR2","KRAS, NIN, EP300, TGFBR2",M0,[Not Available],Alive,TUMOR FREE,NA,stage iib_n1,n1,t3,head,whipple,pancreas-adenocarcinoma ductal type,Ductal adenocarcinoma,3,no,r0,no,78,2010,female,not hispanic or latino,white,20,1960,TCGA-IB-7885,whitelist,NA,TRUE,TRUE,basal,activated,1257,0
TCGA-HZ-7924-01A,Batch 195,NA,NA,NA,NA,NA,NA,NA,NA,NA,NA,NA,NA,NA,NA,NA,NA,NA,NA,NA,NA,NA,NA,NA,NA,NA,NA,NA,NA,NA,NA,NA,NA,NA,NA,NA,NA,ampulla of vater,NA,NA,NA,NA,NA,NA,NA,NA,NA,NA,NA,TCGA-HZ-7924,pseudonormal,NA,FALSE,TRUE,NA,normal,NA,NA
TCGA-IB-7652-01A,Batch 195,Grade 2 - Moderately differentiated (50% to 95% of tumor composed of glands),57,18.333,0.36,1.99,high,0.202616306,0.403563385,2,2,2,4,2,2,High,2,1,3,3,1,NA,0.234024479,"KRAS, TP53","KRAS, TP53, COL5A3, FLG","KRAS, TP53, ZNF521, FAT4, PTPN13, TERT, ITK, FLT4, FOXO3",M0,[Not Available],Alive,TUMOR FREE,NA,stage iib_n1,n1,t3,tail or body,distal pancreatectomy,pancreas-adenocarcinoma ductal type,Ductal adenocarcinoma,1,no,r1,no,49,2011,female,not hispanic or latino,asian,NA,NA,TCGA-IB-7652,whitelist,NA,TRUE,TRUE,classical,activated,724,0
TCGA-IB-7644-01A,Batch 195,Grade 2 - Moderately differentiated (50% to 95% of tumor composed of glands),100,12.667,0.64,1.91,high,0.08236936,0.452080441,2,2,1,3,2,2,Low,2,1,1,1,1,NA,0.074520169,"KRAS, TP53, SMAD4","KRAS, TP53, SMAD4, ADNP","KRAS, TP53, SMAD4, SMAD3",M1,Pancreatic Cancer,Dead,WITH TUMOR,"M1 status, tumor was macrodissected",stage iv,n1,t3,head,whipple,pancreas-adenocarcinoma ductal type,Ductal adenocarcinoma,3,no,r1,no,65,2011,female,not hispanic or latino,white,30,1981,TCGA-IB-7644,whitelist,NA,TRUE,TRUE,classical,activated,NA,NA
TCGA-F2-7273-01A,Batch 195,NA,NA,NA,NA,NA,NA,NA,NA,NA,NA,NA,NA,NA,NA,NA,NA,NA,NA,NA,NA,NA,NA,NA,NA,NA,NA,NA,NA,NA,NA,NA,NA,NA,NA,NA,NA,stroma,NA,NA,NA,NA,NA,NA,NA,NA,NA,NA,NA,TCGA-F2-7273,pseudonormal,NA,FALSE,TRUE,NA,normal,NA,NA
TCGA-IB-7887-01A,Batch 195,Grade 2 - Moderately differentiated (50% to 95% of tumor composed of glands),70,28.333,0.27,1.78,low,0.488325753,0.372123504,LowPurity,1,1,3,LowPurity,2,Low,2,1,LowPurity,1,1,Deleted,0.013601317,"KRAS, TP53","KRAS, SACS, TP53, FLG","KRAS, TP53",M0,Pancreatic Cancer,Dead,[Unknown],NA,stage iib_n1,n1,t3,head,whipple,pancreas-adenocarcinoma ductal type,Ductal adenocarcinoma,3,no,r1,no,62,2009,female,not hispanic or latino,white,20,NA,TCGA-IB-7887,whitelist,NA,TRUE,TRUE,basal,activated,110,1
TCGA-HZ-7918-01A,Batch 195,NA,NA,NA,NA,NA,NA,NA,NA,NA,NA,NA,NA,NA,NA,NA,NA,NA,NA,NA,NA,NA,NA,NA,NA,NA,NA,NA,NA,NA,NA,NA,NA,NA,NA,NA,NA,Acinar cell carcinoma,NA,NA,NA,NA,NA,NA,NA,NA,NA,NA,NA,TCGA-HZ-7918,exclude,NA,FALSE,FALSE,NA,NA,NA,NA
TCGA-IB-7889-01A,Batch 195,Grade 2 - Moderately differentiated (50% to 95% of tumor composed of glands),60,20,0.22,1.9,low,0.292521244,0.355171244,LowPurity,1,2,4,LowPurity,1,Low,2,1,LowPurity,2,1,Mutated,0.34091672,"KRAS, TP53, SMAD4, CDKN2A","KRAS, FOXA1, NF1, TP53, SMAD4, RIT1, FOXQ1, CDKN2A","KRAS, HSP90AA1, FOXA1, NF1, TP53, SMAD4, CXCR4, WHSC1L1, CDKN2A",M0,Pancreatic Cancer,Dead,WITH TUMOR,NA,stage iib_n1,n1,t3,head,whipple,pancreas-adenocarcinoma ductal type,Ductal adenocarcinoma,3,no,r0,no,85,2011,female,not hispanic or latino,white,NA,NA,TCGA-IB-7889,whitelist,NA,TRUE,TRUE,basal,normal,481,1
TCGA-IB-7646-01A,Batch 195,Grade 3 - Poorly differentiated (49% or less of tumor composed of glands),90,26.667,0.32,2.94,low,0.323162426,0.47105705,LowPurity,1,3,1,LowPurity,1,High,1,1,LowPurity,4,1,Deleted,0,"KRAS, TP53","ANK3, KRAS, ING1, TP53, SMARCA4","KRAS, CYLD, TP53, SMARCA4",M0,Pancreatic Cancer,Dead,WITH TUMOR,NA,stage iib_n1,n1,t3,head,whipple,pancreas-adenocarcinoma ductal type,Ductal adenocarcinoma,6,no,r1,no,60,2007,male,not hispanic or latino,white,NA,NA,TCGA-IB-7646,whitelist,NA,TRUE,TRUE,basal,activated,145,1
TCGA-HZ-7920-01A,Batch 210,NA,NA,NA,NA,NA,NA,NA,NA,NA,NA,NA,NA,NA,NA,NA,NA,NA,NA,NA,NA,NA,NA,NA,NA,NA,NA,NA,NA,NA,NA,NA,NA,NA,NA,NA,NA,stroma,NA,NA,NA,NA,NA,NA,NA,NA,NA,NA,NA,TCGA-HZ-7920,pseudonormal,NA,FALSE,TRUE,NA,normal,NA,NA
TCGA-IB-7886-01A,Batch 195,Grade 3 - Poorly differentiated (49% or less of tumor composed of glands),75,24.333,0.51,2.62,high,0.103383154,0.534850101,2,2,1,3,1,1,Low,3,1,2,2,1,Mutated,0.700350949,"TP53, SMAD4, KRAS, CDKN2A","TP53, SMAD4, KRAS, FAT1, COL5A1, CDKN2A","TP53, SMAD4, KRAS, BCL11B, FUS, CDH11, CIC, FAT1, CDKN2A",M0,"Other, non-malignant disease",Dead,TUMOR FREE,NA,stage iib_n1,n1,t3,head,whipple,pancreas-adenocarcinoma ductal type,Ductal adenocarcinoma,4,no,r1,no,80,2010,male,not hispanic or latino,white,35,1975,TCGA-IB-7886,whitelist,NA,TRUE,TRUE,classical,activated,123,1
TCGA-IB-7893-01A,Batch 210,Grade 3 - Poorly differentiated (49% or less of tumor composed of glands),40,30,0.21,3.31,low,0.16614976,0.392811559,LowPurity,1,3,1,LowPurity,2,High,1,1,LowPurity,4,1,Deleted,0.1505303,"KRAS, TP53","KRAS, TP53","KRAS, TP53, FAT4",M0,Pancreatic Cancer,Dead,WITH TUMOR,NA,stage ia.ib.iia_n0,n0,t3,tail or body,distal pancreatectomy,pancreas-adenocarcinoma ductal type,Ductal adenocarcinoma,0,no,r0,no,64,2009,male,not hispanic or latino,white,NA,NA,TCGA-IB-7893,whitelist,NA,TRUE,TRUE,basal,activated,117,1
TCGA-HZ-7919-01A,Batch 195,Grade 2 - Moderately differentiated (50% to 95% of tumor composed of glands),85,41.667,0.4,1.87,high,0.20133552,0.461956667,2,2,1,3,2,2,Low,2,1,3,3,1,Deleted,0.096104662,"KRAS, SMAD4, RNF43","KRAS, SMAD4","KRAS, CDH11, FANCA, SMAD4, SH3GL1, MUC1, DEK, RNF43",M0,Pancreatic Cancer,Dead,WITH TUMOR,NA,stage iib_n1,n1,t3,head,whipple,pancreas-adenocarcinoma ductal type,Ductal adenocarcinoma,2,NA,r1,NA,52,2011,female,not hispanic or latino,white,NA,NA,TCGA-HZ-7919,whitelist,NA,TRUE,TRUE,classical,activated,593,1
TCGA-HZ-8001-01A,Batch 210,Grade 3 - Poorly differentiated (49% or less of tumor composed of glands),40,21,0.15,1.92,low,0.424704123,0.284832481,LowPurity,1,3,2,LowPurity,1,Low,1,1,LowPurity,1,1,NA,0.271156713,"KRAS, TP53, ARID1A","KRAS, TP53, ARID1A","KRAS, CASC5, SMARCE1, TP53, ARID1A, ATR, P2RY8",MX,[Not Available],Alive,TUMOR FREE,NA,stage iii,n0,t4,head,whipple,pancreas-adenocarcinoma ductal type,Ductal adenocarcinoma,0,no,r0,NA,69,2011,male,not hispanic or latino,white,NA,NA,TCGA-HZ-8001,whitelist,NA,TRUE,TRUE,basal,normal,706,0
TCGA-IB-7647-01A,Batch 195,Grade 3 - Poorly differentiated (49% or less of tumor composed of glands),95,21.667,0.24,1.92,low,0.476817482,0.341703022,LowPurity,2,1,2,LowPurity,1,Low,2,1,LowPurity,1,1,Methylated,0.152154239,"KRAS, TP53","ANK3, KRAS, CDK12, TP53, ERCC2, EPHA2, PIK3CA","KRAS, CDK12, TP53, ERCC2, NFATC2, PIK3CA",M0,Pancreatic Cancer,Dead,WITH TUMOR,NA,stage iib_n1,n1,t3,head,whipple,pancreas-adenocarcinoma ductal type,Ductal adenocarcinoma,14,no,r1,no,41,2008,male,not hispanic or latino,white,NA,NA,TCGA-IB-7647,whitelist,NA,TRUE,TRUE,classical,activated,666,1
TCGA-IB-7897-01A,Batch 210,Grade 2 - Moderately differentiated (50% to 95% of tumor composed of glands),75,10,0.16,2,low,0.390260937,0.198949355,LowPurity,1,3,2,LowPurity,NA,non-Aneuploid,2,1,LowPurity,NA,1,NA,0.334763693,KRAS,"KRAS, CHD4","KRAS, CHD4",M0,Pancreatic Cancer,Dead,WITH TUMOR,NA,stage iib_n1,n1,t3,head,whipple,pancreas-adenocarcinoma ductal type,Ductal adenocarcinoma,2,no,r0,no,53,2008,female,not hispanic or latino,white,NA,NA,TCGA-IB-7897,whitelist,NA,TRUE,TRUE,basal,normal,486,1
TCGA-IB-7888-01A,Batch 195,Grade 2 - Moderately differentiated (50% to 95% of tumor composed of glands),60,9.333,0.16,1.96,low,0.461627848,0.274409091,LowPurity,2,1,2,LowPurity,2,Low,2,1,LowPurity,2,1,NA,0.374534777,"TP53, RREB1, KRAS","TP53, SLC1A3, COL5A1, KRAS","RET, TP53, KDR, KMT2D, KRAS",M0,Pancreatic Cancer,Dead,WITH TUMOR,NA,stage ia.ib.iia_n0,n0,t3,head,whipple,pancreas-adenocarcinoma ductal type,Ductal adenocarcinoma,0,no,r0,no,66,2008,female,not hispanic or latino,black or african american,NA,NA,TCGA-IB-7888,whitelist,NA,TRUE,TRUE,classical,normal,1332,1
TCGA-HZ-8002-01A,Batch 210,Grade 3 - Poorly differentiated (49% or less of tumor composed of glands),10,2.667,0.18,2,low,0.291421089,0.216344187,LowPurity,1,2,4,LowPurity,NA,non-Aneuploid,1,1,LowPurity,1,1,NA,0.315557378,KRAS,KRAS,KRAS,MX,[Unknown],Dead,WITH TUMOR,NA,stage iib_n1,n1,t3,head,whipple,pancreas-adenocarcinoma ductal type,Ductal adenocarcinoma,4,no,r0,NA,61,2011,male,not hispanic or latino,white,NA,NA,TCGA-HZ-8002,whitelist,NA,TRUE,TRUE,basal,normal,366,1
TCGA-HZ-7922-01A,Batch 195,Grade 3 - Poorly differentiated (49% or less of tumor composed of glands),NA,11.667,0.37,2.95,high,0.219668492,0.492740456,2,2,2,4,2,2,High,2,1,2,2,1,Deleted,0.047504874,"KRAS, TP53","TBC1D12, KRAS, ARID2, NCOR1, TP53","KRAS, ARID2, NCOR1, TP53",MX,[Not Available],Alive,[Unknown],NA,stage iib_n1,n1,t3,head,whipple,pancreas-adenocarcinoma ductal type,Ductal adenocarcinoma,3,NA,r0,NA,61,2011,female,not hispanic or latino,white,NA,NA,TCGA-HZ-7922,whitelist,NA,TRUE,TRUE,classical,activated,4,0
TCGA-HZ-8003-01A,Batch 210,Grade 2 - Moderately differentiated (50% to 95% of tumor composed of glands),50,7.5,0.16,2,low,0.328318398,0.226485056,LowPurity,2,2,4,LowPurity,NA,non-Aneuploid,3,1,LowPurity,1,1,NA,0.169178906,"KRAS, TP53","KRAS, TP53, EZR","KRAS, TP53, EZR, TFE3",MX,[Not Available],Alive,[Unknown],NA,stage iib_n1,n1,t3,head,whipple,pancreas-adenocarcinoma ductal type,Ductal adenocarcinoma,1,NA,r0,NA,65,2011,female,not hispanic or latino,white,NA,NA,TCGA-HZ-8003,whitelist,NA,TRUE,TRUE,classical,normal,21,0
TCGA-IB-7649-01A,Batch 195,Grade 3 - Poorly differentiated (49% or less of tumor composed of glands),100,20,0.16,1.97,low,0.262476344,0.29570444,LowPurity,2,2,4,LowPurity,2,Low,2,1,LowPurity,1,1,Mutated,0.293290867,"CDKN2A, KRAS, TP53","CDKN2A, KRAS, TP53, RBM10","CDKN2A, KRAS, TP53, FAT4, RBM10",M0,[Unknown],Dead,[Unknown],NA,stage iib_n1,n1,t3,head,whipple,pancreas-adenocarcinoma ductal type,Ductal adenocarcinoma,5,no,r1,no,73,2007,female,NA,NA,57,1951,TCGA-IB-7649,whitelist,NA,TRUE,TRUE,classical,activated,467,1
TCGA-IB-7645-01A,Batch 210,Grade 2 - Moderately differentiated (50% to 95% of tumor composed of glands),80,18.333,0.21,1.99,low,0.48840613,0.291601252,LowPurity,2,3,2,LowPurity,1,Low,2,1,LowPurity,NA,1,NA,0.302242323,"KRAS, TP53, PBRM1","KRAS, TP53, PBRM1","KRAS, TP53, PBRM1, ATP2B3",M0,Pancreatic Cancer,Dead,WITH TUMOR,NA,stage iib_n1,n1,t3,head,whipple,pancreas-adenocarcinoma ductal type,Ductal adenocarcinoma,5,no,r0,no,44,2007,female,NA,NA,NA,NA,TCGA-IB-7645,whitelist,NA,TRUE,TRUE,classical,normal,1502,1
TCGA-IB-7890-01A,Batch 210,Grade 3 - Poorly differentiated (49% or less of tumor composed of glands),65,31.667,0.36,2.8,high,0.131865505,0.462297331,1,1,3,1,1,1,High,1,1,2,2,1,Deleted,0.076478056,"KRAS, TP53","KRAS, ZFHX3, TP53","KRAS, LCP1, AXIN1, ZFHX3, TP53, TRRAP",M0,Pancreatic Cancer,Dead,WITH TUMOR,NA,stage ia.ib.iia_n0,n0,t1_or_t2.n0,tail or body,distal pancreatectomy,pancreas-adenocarcinoma ductal type,Ductal adenocarcinoma,0,no,r0,no,73,2008,male,NA,NA,NA,NA,TCGA-IB-7890,whitelist,NA,TRUE,TRUE,basal,activated,598,1
TCGA-IB-7891-01A,Batch 210,Grade 2 - Moderately differentiated (50% to 95% of tumor composed of glands),75,11.667,0.1,2,low,0.358274569,0.304034884,LowPurity,2,2,4,LowPurity,2,Low,3,1,LowPurity,3,1,NA,0.24185693,"TP53, SMAD4, KRAS","TP53, SMAD4, CASP8, KRAS","TP53, SMAD4, NTRK1, HOXD13, CASP8, KRAS",M0,[Not Available],Alive,WITH TUMOR,NA,stage iib_n1,n1,t3,head,whipple,pancreas-adenocarcinoma ductal type,Ductal adenocarcinoma,7,no,r0,no,49,2011,female,not hispanic or latino,white,29,1980,TCGA-IB-7891,whitelist,NA,TRUE,TRUE,classical,activated,648,0
TCGA-H6-8124-01A,Batch 247,Grade 3 - Poorly differentiated (49% or less of tumor composed of glands),95,22.667,0.7,1.77,high,0.027121504,0.640047376,1,1,3,1,2,2,High,1,1,NA,NA,1,Mutated,2.600742899,"KRAS, TP53, CDKN2A","KRAS, TP53, CUX1, CDKN2A","MAML2, KRAS, TP53, CUX1, CDKN2A",M0,[Not Available],Alive,WITH TUMOR,NA,stage iib_n1,n1,t3,head,whipple,pancreas-adenocarcinoma ductal type,Ductal adenocarcinoma,2,yes,r0,no,56,2011,female,not hispanic or latino,white,3.5,1969,TCGA-H6-8124,whitelist,NA,TRUE,TRUE,basal,activated,392,0
TCGA-H6-8124-11A,NA,NA,NA,NA,NA,NA,NA,NA,NA,NA,NA,NA,NA,NA,NA,NA,NA,NA,NA,NA,NA,NA,NA,NA,NA,NA,NA,NA,NA,NA,NA,NA,NA,NA,NA,NA,NA,normal pancreas with moderate atrophy,NA,NA,NA,NA,NA,NA,NA,NA,NA,NA,NA,TCGA-H6-8124A,normal,NA,FALSE,FALSE,NA,NA,NA,NA
TCGA-HZ-8315-01A,Batch 247,Grade 2 - Moderately differentiated (50% to 95% of tumor composed of glands),50,15,0.27,1.94,low,0.273081211,0.440104017,LowPurity,1,2,4,LowPurity,2,Low,1,1,LowPurity,3,1,Deleted,0.139605657,"ARID1A, KRAS, TP53","ARID1A, KRAS, SPOP, TP53, ADNP, SOX17, ZNF483","ARID1A, KRAS, SPOP, TP53",MX,Pancreatic Cancer,Dead,WITH TUMOR,NA,stage ia.ib.iia_n0,n0,t3,head,whipple,pancreas-adenocarcinoma ductal type,Ductal adenocarcinoma,0,NA,r1,NA,54,2012,female,not hispanic or latino,white,NA,NA,TCGA-HZ-8315,whitelist,NA,TRUE,TRUE,basal,activated,299,1
TCGA-HZ-8317-01A,Batch 247,Grade 2 - Moderately differentiated (50% to 95% of tumor composed of glands),32,6,0.5,2,high,0.244686996,0.274239276,2,2,2,4,2,2,non-Aneuploid,3,2,LowPurity,NA,1,NA,0.014448719,"SMAD4, GNAS, KRAS","CHD8, SMAD4, RHOA, KRAS","SMAD4, MUC1, GNAS, RHOA, KRAS, KMT2C",MX,Pancreatic Cancer,Dead,WITH TUMOR,NA,stage iib_n1,n1,t3,head,whipple,pancreas-adenocarcinoma ductal type,Ductal adenocarcinoma,4,yes,r1,NA,69,2012,female,not hispanic or latino,white,NA,NA,TCGA-HZ-8317,whitelist,NA,TRUE,TRUE,classical,normal,378,1
TCGA-HZ-8519-01A,Batch 247,Grade 3 - Poorly differentiated (49% or less of tumor composed of glands),50,21,0.22,2.02,low,0.229870235,0.225427481,LowPurity,2,2,2,LowPurity,2,Low,2,2,LowPurity,3,1,NA,0.507790814,"KRAS, TP53","KRAS, TP53, TET2","KRAS, GRIN2A, TP53, TET2",MX,[Not Available],Alive,TUMOR FREE,NA,stage ia.ib.iia_n0,n0,t1_or_t2.n0,head,whipple,pancreas-adenocarcinoma-other subtype,Ductal adenocarcinoma,0,yes,r0,NA,73,2012,male,not hispanic or latino,white,NA,NA,TCGA-HZ-8519,whitelist,NA,TRUE,TRUE,classical,normal,454,0
TCGA-HZ-8636-01A,Batch 247,Grade 2 - Moderately differentiated (50% to 95% of tumor composed of glands),30,23.333,0.41,1.67,high,0.268879979,0.497758312,2,2,3,2,2,2,High,2,1,NA,NA,1,Deleted,0.348329016,"TP53, KRAS","TP53, KRAS, MTOR","TP53, KRAS, MTOR, ATR",M1,Pancreatic Cancer,Dead,WITH TUMOR,M1 status,stage iv,n0,t3,tail or body,NA,pancreas-adenocarcinoma ductal type,Ductal adenocarcinoma,0,NA,r1,NA,58,2012,female,not hispanic or latino,white,NA,NA,TCGA-HZ-8636,whitelist,NA,TRUE,TRUE,classical,activated,NA,NA
TCGA-HZ-8637-01A,Batch 247,Grade 3 - Poorly differentiated (49% or less of tumor composed of glands),70,50,0.2,1.85,low,0.546265416,0.339988695,LowPurity,2,3,2,LowPurity,2,High,3,2,LowPurity,NA,1,NA,0.443073042,"KRAS, TP53","KRAS, TP53, U2AF1","KRAS, LCP1, TP53, U2AF1, KMT2D",MX,[Not Available],Alive,[Unknown],NA,stage iib_n1,n1,t3,head,whipple,pancreas-adenocarcinoma ductal type,Ductal adenocarcinoma,1,NA,r0,NA,76,2012,female,hispanic or latino,white,NA,NA,TCGA-HZ-8637,whitelist,NA,TRUE,TRUE,classical,normal,0,0
TCGA-HZ-8638-01A,Batch 247,NA,NA,NA,NA,NA,NA,NA,NA,NA,NA,NA,NA,NA,NA,NA,NA,NA,NA,NA,NA,NA,NA,NA,NA,NA,NA,NA,NA,NA,NA,NA,NA,NA,NA,NA,NA,did not arise in pancreas,NA,NA,NA,NA,NA,NA,NA,NA,NA,NA,NA,TCGA-HZ-8638,exclude,NA,FALSE,FALSE,NA,NA,NA,NA
TCGA-IB-8127-01A,Batch 247,Grade 2 - Moderately differentiated (50% to 95% of tumor composed of glands),100,28.333,0.35,3.33,high,0.231517508,0.56644642,1,1,2,1,1,1,High,2,1,2,2,1,Mutated,1.237522532,"KRAS, RNF43, TP53, CDKN2A","ATM, KRAS, ERBB2, TP53, FLG, IRF4, CDKN2A","ATM, KRAS, CCND2, ERBB2, RNF43, TP53, ZNF521, MUC1, IRF4, CDKN2A",M0,[Not Available],Alive,WITH TUMOR,NA,stage iib_n1,n1,t3,head,whipple,pancreas-adenocarcinoma ductal type,Ductal adenocarcinoma,3,no,r1,no,59,2011,male,not hispanic or latino,white,40,1971,TCGA-IB-8127,whitelist,NA,TRUE,TRUE,basal,activated,522,0
TCGA-IB-8126-01A,Batch 247,Grade 2 - Moderately differentiated (50% to 95% of tumor composed of glands),30,25,0.09,3.97,low,0.353621187,0.283689346,LowPurity,2,2,4,LowPurity,2,non-Aneuploid,3,2,LowPurity,4,1,NA,0.106224632,KRAS,"KRAS, ALK, TET2","KRAS, RNF213, CAMTA1, ALK, TET2, P2RY8",M0,[Not Available],Alive,[Not Available],NA,stage iii,n1,t4,head,whipple,pancreas-adenocarcinoma ductal type,Ductal adenocarcinoma,5,NA,r1,no,79,2011,female,not hispanic or latino,white,4,1957,TCGA-IB-8126,whitelist,NA,TRUE,TRUE,classical,normal,75,0
TCGA-F2-A44H-01A,Batch 284,Grade 2 - Moderately differentiated (50% to 95% of tumor composed of glands),100,32.5,0.26,1.82,low,0.196495157,0.295092285,LowPurity,2,2,4,LowPurity,NA,Low,3,2,LowPurity,NA,0,Deleted,0.157764354,NA,"TBX3, ALPK2, RBM10","TBX3, RBM10",M0,[Not Available],Alive,TUMOR FREE,NA,stage ia.ib.iia_n0,n0,t3,head,whipple,pancreas-adenocarcinoma ductal type,Ductal adenocarcinoma,0,yes,r0,no,65,2012,male,not hispanic or latino,white,NA,NA,TCGA-F2-A44H,whitelist,NA,TRUE,TRUE,classical,activated,586,0
TCGA-FB-A4P6-01A,Batch 284,Grade 3 - Poorly differentiated (49% or less of tumor composed of glands),30,22.5,0.13,2,low,0.33765015,0.197426078,LowPurity,2,2,4,LowPurity,NA,non-Aneuploid,3,2,LowPurity,3,1,NA,0.314292892,KRAS,KRAS,KRAS,MX,[Not Available],Alive,TUMOR FREE,NA,stage iib_n1,n1,t3,head,whipple,pancreas-adenocarcinoma ductal type,Ductal adenocarcinoma,1,yes,NA,no,54,2012,male,not hispanic or latino,white,25,1987,TCGA-FB-A4P6,whitelist,NA,TRUE,TRUE,classical,normal,363,0
TCGA-FB-A4P5-01A,Batch 284,Grade 2 - Moderately differentiated (50% to 95% of tumor composed of glands),30,19,0.13,2,low,0.588581274,0.254809671,LowPurity,1,2,4,LowPurity,2,non-Aneuploid,1,2,LowPurity,3,1,NA,0.082178463,"KRAS, TP53","KRAS, FRMD7, TP53","KRAS, TFE3, TP53",MX,[Unknown],Dead,WITH TUMOR,NA,stage iib_n1,n1,t3,head,whipple,pancreas-adenocarcinoma ductal type,Ductal adenocarcinoma,4,NA,r0,no,69,2012,female,not hispanic or latino,white,40,1968,TCGA-FB-A4P5,whitelist,NA,TRUE,TRUE,basal,normal,179,1
TCGA-H6-A45N-01A,Batch 284,Grade 2 - Moderately differentiated (50% to 95% of tumor composed of glands),20,2,0.11,2.03,low,0.316672162,0.219289856,LowPurity,2,2,4,LowPurity,NA,Low,2,2,LowPurity,1,1,NA,0.389527819,"KRAS, TP53","KRAS, TP53","KRAS, TP53, PRKACA",MX,Pancreatic Cancer,Dead,WITH TUMOR,NA,stage iib_n1,n1,t3,tail or body,distal pancreatectomy,pancreas-adenocarcinoma-other subtype,Ductal adenocarcinoma,1,no,NA,no,88,2012,female,not hispanic or latino,white,1,NA,TCGA-H6-A45N,whitelist,NA,TRUE,TRUE,classical,normal,421,1
TCGA-HV-A5A3-01A,Batch 284,Grade 2 - Moderately differentiated (50% to 95% of tumor composed of glands),80,25,0.61,2.04,high,0.064279456,0.565963318,1,1,1,1,2,2,Low,1,1,NA,NA,1,Deleted,0,"KRAS, TP53, SMAD4","KRAS, TP53, SMAD4, PDAP1","KRAS, TP53, SMAD4",MX,[Unknown],Dead,TUMOR FREE,NA,stage ia.ib.iia_n0,NA,t3,tail or body,distal pancreatectomy,pancreas-adenocarcinoma ductal type,Ductal adenocarcinoma,5,no,NA,no,50,2012,male,NA,asian,NA,NA,TCGA-HV-A5A3,whitelist,NA,TRUE,TRUE,basal,activated,128,1
TCGA-HV-A5A5-01A,Batch 284,Grade 3 - Poorly differentiated (49% or less of tumor composed of glands),100,5,0.13,1.93,low,0.346232889,0.269102736,LowPurity,2,2,4,LowPurity,2,Low,2,2,LowPurity,NA,1,NA,2.233106859,"KRAS, TP53","SGK1, KRAS, TP53","KRAS, TP53, NOTCH2, CDK6",M0,[Not Available],Alive,[Not Available],NA,stage iib_n1,n1,t3,head,NA,pancreas-adenocarcinoma ductal type,Ductal adenocarcinoma,2,no,NA,no,61,2012,female,NA,asian,NA,NA,TCGA-HV-A5A5,whitelist,NA,TRUE,TRUE,classical,activated,289,0
TCGA-HV-A5A4-01A,Batch 284,Grade 2 - Moderately differentiated (50% to 95% of tumor composed of glands),25,5,0.56,2,high,0.109593982,0.571831312,2,2,1,3,1,1,Low,2,2,NA,NA,1,Deleted,0.182848518,"KRAS, SMAD4","KRAS, SMAD4","KRAS, RNF213, SMAD4, KLK2, PDGFRB",MX,[Not Available],Alive,[Not Available],NA,stage ia.ib.iia_n0,n0,t3,tail or body,distal pancreatectomy,pancreas-adenocarcinoma ductal type,Ductal adenocarcinoma,1,no,NA,no,72,2012,female,NA,asian,NA,NA,TCGA-HV-A5A4,whitelist,NA,TRUE,TRUE,classical,activated,232,0
TCGA-HZ-A49H-01A,Batch 284,Grade 2 - Moderately differentiated (50% to 95% of tumor composed of glands),10,3,0.23,2,low,0.316295141,0.166083146,LowPurity,2,2,4,LowPurity,NA,non-Aneuploid,3,2,LowPurity,NA,1,NA,0.375150334,KRAS,KRAS,"KRAS, RBM15",MX,[Not Available],Alive,TUMOR FREE,NA,stage iib_n1,n1,t3,head,whipple,pancreas-adenocarcinoma ductal type,Ductal adenocarcinoma,1,no,r0,NA,68,2012,female,not hispanic or latino,white,NA,NA,TCGA-HZ-A49H,whitelist,NA,TRUE,TRUE,classical,normal,491,0
TCGA-HV-A5A6-01A,Batch 284,Grade 2 - Moderately differentiated (50% to 95% of tumor composed of glands),90,15,0.64,1.94,high,0.116061619,0.518538869,2,2,1,1,2,2,High,3,2,1,1,1,NA,1.911895702,"TP53, KRAS","TP53, KRAS, SPEN","TP53, KRAS, SPEN, BCR, C2orf44",M0,Other malignancy,Dead,WITH TUMOR,NA,stage iib_n1,n1,t3,head,NA,pancreas-adenocarcinoma ductal type,Ductal adenocarcinoma,2,no,r0,no,65,2001,female,NA,asian,NA,NA,TCGA-HV-A5A6,whitelist,NA,TRUE,TRUE,classical,activated,2036,1
TCGA-HZ-A49G-01A,Batch 284,Grade 3 - Poorly differentiated (49% or less of tumor composed of glands),75,3,0.15,1.82,low,0.232137027,0.298176853,LowPurity,2,2,4,LowPurity,1,Low,3,2,LowPurity,NA,1,Mutated,0.212009661,"KRAS, TP53, CDKN2A","KRAS, TP53, CDKN2A","KRAS, TP53, FCGR2B, CDKN2A",MX,[Not Available],Alive,WITH TUMOR,NA,stage iib_n1,n1,t2.n1,head,whipple,pancreas-adenocarcinoma ductal type,Ductal adenocarcinoma,3,yes,r1,NA,58,2012,female,not hispanic or latino,white,NA,NA,TCGA-HZ-A49G,whitelist,NA,TRUE,TRUE,classical,normal,660,0
TCGA-HZ-A4BH-01A,Batch 284,Grade 3 - Poorly differentiated (49% or less of tumor composed of glands),30,25,0.31,1.82,low,0.34398597,0.390163043,LowPurity,1,1,2,LowPurity,2,High,1,1,LowPurity,NA,1,Mutated,2.132632308,"KRAS, TP53, CDKN2A","KRAS, TP53, COL5A3, ERCC2, CDKN2A","KRAS, AXIN1, TP53, ERCC2, CLTCL1, CDKN2A",MX,[Not Available],Alive,[Unknown],NA,stage iib_n1,n1,t3,head,whipple,pancreas-adenocarcinoma ductal type,Ductal adenocarcinoma,4,NA,r1,NA,75,2011,male,NA,white,NA,NA,TCGA-HZ-A4BH,whitelist,NA,TRUE,TRUE,basal,normal,194,0
TCGA-HZ-A49I-01A,Batch 284,Grade 2 - Moderately differentiated (50% to 95% of tumor composed of glands),5,27.5,0.35,1.86,high,0.269727226,0.458609608,2,2,1,3,2,2,Low,2,2,NA,NA,1,NA,0.261525627,"KRAS, TP53","KRAS, TP53","KRAS, MDM2, TP53, FANCD2, ITK",MX,Pancreatic Cancer,Dead,WITH TUMOR,NA,stage iib_n1,n1,t3,head,whipple,pancreas-adenocarcinoma ductal type,Other,3,yes,r1,NA,77,2012,male,not hispanic or latino,white,NA,NA,TCGA-HZ-A49I,whitelist,NA,TRUE,TRUE,classical,normal,308,1
TCGA-HZ-A4BK-01A,Batch 284,Grade 3 - Poorly differentiated (49% or less of tumor composed of glands),30,12.5,0.32,1.79,low,0.213554519,0.380242683,LowPurity,2,2,3,LowPurity,2,Low,2,2,LowPurity,1,1,Deleted,0.019617033,"KRAS, TP53","KRAS, TP53","BMPR1A, KRAS, PTPRB, TP53, FLT4",MX,[Not Available],Alive,WITH TUMOR,NA,stage iib_n1,n1,t3,head,whipple,pancreas-adenocarcinoma-other subtype,Ductal adenocarcinoma,2,yes,r1,NA,72,2012,male,not hispanic or latino,white,NA,NA,TCGA-HZ-A4BK,whitelist,NA,TRUE,TRUE,classical,normal,657,0
TCGA-M8-A5N4-01A,Batch 284,Grade 3 - Poorly differentiated (49% or less of tumor composed of glands),25,22.5,0.35,1.8,high,0.430393053,0.364952631,1,1,1,3,2,2,Low,1,2,1,1,1,NA,2.874324496,"KRAS, TP53","KRAS, TP53, SPEN","KRAS, TP53, SPEN",M0,[Not Available],Alive,WITH TUMOR,NA,stage ia.ib.iia_n0,n0,t3,head,whipple,pancreas-adenocarcinoma ductal type,Ductal adenocarcinoma,0,yes,r1,no,48,NA,female,NA,NA,NA,NA,TCGA-M8-A5N4,whitelist,NA,TRUE,TRUE,basal,activated,584,0
TCGA-F2-A44G-01A,Batch 284,Grade 3 - Poorly differentiated (49% or less of tumor composed of glands),40,11.5,0.29,1.94,low,0.426841871,0.379689382,LowPurity,2,1,3,LowPurity,2,Low,1,1,LowPurity,4,1,Deleted,0.042987973,"KRAS, GNAS","KRAS, SETDB1","KRAS, GRIN2A, JAK3, GNAS",M0,Pancreatic Cancer,Dead,WITH TUMOR,NA,stage iib_n1,n1,t3,head,whipple,pancreas-adenocarcinoma ductal type,Ductal adenocarcinoma,3,yes,r1,no,79,2012,female,not hispanic or latino,white,NA,NA,TCGA-F2-A44G,whitelist,NA,TRUE,TRUE,classical,activated,233,1
TCGA-F2-6880-01A,Batch 195,NA,NA,NA,NA,NA,NA,NA,NA,NA,NA,NA,NA,NA,NA,NA,NA,NA,NA,NA,NA,NA,NA,NA,NA,NA,NA,NA,NA,NA,NA,NA,NA,NA,NA,NA,NA,normal pancreas,NA,NA,NA,NA,NA,NA,NA,NA,NA,NA,NA,TCGA-F2-6880,pseudonormal,NA,FALSE,TRUE,NA,normal,NA,NA
TCGA-HZ-7289-01A,Batch 195,NA,NA,NA,NA,NA,NA,NA,NA,NA,NA,NA,NA,NA,NA,NA,NA,NA,NA,NA,NA,NA,NA,NA,NA,NA,NA,NA,NA,NA,NA,NA,NA,NA,NA,NA,NA,Did not arise from pancreas,NA,NA,NA,NA,NA,NA,NA,NA,NA,NA,NA,TCGA-HZ-7289,exclude,NA,FALSE,FALSE,NA,NA,NA,NA
TCGA-HZ-8005-01A,Batch 210,Grade 3 - Poorly differentiated (49% or less of tumor composed of glands),25,4.333,0.36,1.82,high,0.278621675,0.437239919,1,1,3,1,1,1,High,1,1,4,4,1,Mutated,1.22193953,"CDKN2A, KRAS, TP53","CDKN2A, KRAS, ZFHX3, TP53","NCOA2, CDKN2A, KRAS, NACA, HSP90AA1, ZFHX3, TP53, ERBB4, DEK",MX,Pancreatic Cancer,Dead,WITH TUMOR,NA,stage iib_n1,n1,t3,other (please specify),whipple,pancreas-adenocarcinoma ductal type,Ductal adenocarcinoma,8,no,r1,NA,81,2012,male,not hispanic or latino,white,NA,NA,TCGA-HZ-8005,whitelist,NA,TRUE,TRUE,basal,activated,120,1
TCGA-PZ-A5RE-01A,Batch 330,Grade 3 - Poorly differentiated (49% or less of tumor composed of glands),70,36.667,0.5,1.91,high,0.239637412,0.469361395,2,2,1,3,2,2,Low,2,1,1,1,1,Deleted,0.11888906,"KRAS, TP53, SMAD4","KRAS, TP53, SMAD4, AZGP1, CCDC120","KRAS, TP53, SMAD4, RUNX1T1, ATP2B3",MX,Pancreatic Cancer,Dead,WITH TUMOR,NA,stage iib_n1,n1,t3,head,whipple,pancreas-adenocarcinoma ductal type,Ductal adenocarcinoma,3,yes,NA,NA,44,2012,female,not hispanic or latino,white,NA,NA,TCGA-PZ-A5RE,whitelist,NA,TRUE,TRUE,classical,activated,470,1
TCGA-FB-A78T-01A,Batch 330,Grade 2 - Moderately differentiated (50% to 95% of tumor composed of glands),60,22.5,0.55,1.94,high,0.130296773,0.519415314,2,2,2,3,1,1,Low,2,2,3,3,1,Mutated,2.42666805,"CDKN2A, KRAS, TP53, SMAD4","CDKN2A, KRAS, ZFHX3, TP53, SMAD4, STAG2, NUP210L","CDKN2A, MEN1, KRAS, ZFHX3, TP53, SMAD4, STAG2",M0,Pancreatic Cancer,Dead,[Unknown],NA,stage iib_n1,n1,t3,head,whipple,pancreas-adenocarcinoma ductal type,Ductal adenocarcinoma,4,no,r0,NA,71,2013,female,not hispanic or latino,white,2,1980,TCGA-FB-A78T,whitelist,NA,TRUE,TRUE,classical,normal,375,1
TCGA-FB-A5VM-01A,Batch 330,Grade 3 - Poorly differentiated (49% or less of tumor composed of glands),95,25,0.28,1.92,low,0.410874262,0.38146887,LowPurity,1,3,1,LowPurity,1,Low,1,1,LowPurity,4,1,NA,0.090742416,"TP53, KRAS","TP53, KRAS, COL5A3","TP53, KRAS, CIC, ATP2B3",M0,Pancreatic Cancer,Dead,WITH TUMOR,NA,stage ia.ib.iia_n0,n0,t1_or_t2.n0,head,whipple,pancreas-adenocarcinoma ductal type,Ductal adenocarcinoma,0,no,r0,no,74,2012,male,not hispanic or latino,white,24,1953,TCGA-FB-A5VM,whitelist,NA,TRUE,TRUE,basal,normal,498,1
TCGA-US-A774-01A,Batch 330,Grade 2 - Moderately differentiated (50% to 95% of tumor composed of glands),50,2.333,0.1,2,low,0.315562157,0.230509392,LowPurity,2,2,4,LowPurity,NA,Low,2,1,LowPurity,2,1,NA,0.088130191,"KRAS, TP53, SMAD4","KRAS, TP53, TAP1, MUC17, SMAD4","KRAS, TP53, CAMTA1, LPP, KMT2D, SMAD4",MX,Pancreatic Cancer,Dead,WITH TUMOR,NA,stage iib_n1,n1,t3,head,whipple,pancreas-adenocarcinoma ductal type,Ductal adenocarcinoma,2,no,r0,no,76,2011,female,not hispanic or latino,white,4.65,1955,TCGA-US-A774,whitelist,NA,TRUE,TRUE,classical,activated,695,1
TCGA-OE-A75W-01A,Batch 330,Grade 3 - Poorly differentiated (49% or less of tumor composed of glands),100,42.5,0.57,1.77,high,0.147115403,0.530410805,2,2,1,3,1,1,Low,2,2,4,4,1,Mutated,2.656342218,"KRAS, TP53, RREB1, CDKN2A","KRAS, NF1, TP53, ZNF471, NOTCH1, CDKN2A","KRAS, PPFIBP1, LRIG3, NF1, SMARCE1, TP53, MECOM, NOTCH1, CDKN2A",M0,[Unknown],Dead,[Unknown],NA,stage ia.ib.iia_n0,n0,t3,tail or body,distal pancreatectomy,pancreas-adenocarcinoma ductal type,Ductal adenocarcinoma,0,yes,r0,yes,75,2013,male,not hispanic or latino,white,30,1956,TCGA-OE-A75W,whitelist,NA,TRUE,TRUE,classical,activated,267,1
TCGA-US-A779-01A,Batch 330,Grade 2 - Moderately differentiated (50% to 95% of tumor composed of glands),20,8,0.57,1.86,high,0.070517725,0.470610297,2,2,1,3,2,2,Low,2,2,2,2,1,Deleted,0.058889469,"TP53, KRAS","TP53, KRAS, CREBBP, RAD21","TP53, KRAS, TRIP11, CREBBP, RAD21",MX,Pancreatic Cancer,Dead,WITH TUMOR,NA,stage iib_n1,n1,t3,head,whipple,pancreas-adenocarcinoma ductal type,Ductal adenocarcinoma,2,NA,r0,no,54,2011,female,not hispanic or latino,white,NA,NA,TCGA-US-A779,whitelist,NA,TRUE,TRUE,classical,normal,511,1
TCGA-US-A77J-01A,Batch 330,NA,NA,NA,NA,NA,NA,NA,NA,NA,NA,NA,NA,NA,NA,NA,NA,NA,NA,NA,NA,NA,NA,NA,NA,NA,NA,NA,NA,NA,NA,NA,NA,NA,NA,NA,NA,<1% neoplastic cellularity,NA,NA,NA,NA,NA,NA,NA,NA,NA,NA,NA,TCGA-US-A77J,exclude,NA,FALSE,FALSE,NA,NA,NA,NA
TCGA-IB-A5SP-01A,Batch 330,Grade 2 - Moderately differentiated (50% to 95% of tumor composed of glands),35,20,0.74,1.77,high,0.062322052,0.614333346,2,2,1,3,1,1,High,2,2,3,3,1,Methylated,0.363272163,"SMAD4, RREB1, KRAS, TP53","SMAD4, GATA3, KRAS, TP53, SF3B1","SMAD4, MECOM, GATA3, KRAS, ERCC4, IL21R, TP53, ELN, SF3B1",M0,[Not Available],Alive,WITH TUMOR,NA,stage ia.ib.iia_n0,n0,t3,head,whipple,pancreas-adenocarcinoma ductal type,Ductal adenocarcinoma,0,no,r1,no,77,2011,male,NA,white,NA,NA,TCGA-IB-A5SP,whitelist,NA,TRUE,TRUE,classical,normal,482,0
TCGA-H8-A6C1-01A,Batch 330,NA,NA,NA,NA,NA,NA,NA,NA,NA,NA,NA,NA,NA,NA,NA,NA,NA,NA,NA,NA,NA,NA,NA,NA,NA,NA,NA,NA,NA,NA,NA,NA,NA,NA,NA,NA,<1% neoplastic cellularity,NA,NA,NA,NA,NA,NA,NA,NA,NA,NA,NA,TCGA-H8-A6C1,exclude,NA,FALSE,FALSE,NA,NA,NA,NA
TCGA-IB-A5SQ-01A,Batch 330,Grade 3 - Poorly differentiated (49% or less of tumor composed of glands),35,20,0.15,1.9,low,0.371653038,0.287523119,LowPurity,1,3,2,LowPurity,2,Low,2,1,LowPurity,1,0,NA,0.449111701,NA,"BRAF, SMARCA4, NSD1, BCLAF1","BRAF, SMARCA4, NSD1, FLT4",M0,[Unknown],Dead,WITH TUMOR,NA,stage ia.ib.iia_n0,n0,t1_or_t2.n0,head,whipple,pancreas-adenocarcinoma ductal type,Ductal adenocarcinoma,0,no,r0,no,56,2012,female,not hispanic or latino,white,NA,NA,TCGA-IB-A5SQ,whitelist,NA,TRUE,TRUE,basal,activated,219,1
TCGA-US-A77G-01A,Batch 330,Grade 2 - Moderately differentiated (50% to 95% of tumor composed of glands),8,7,0.42,1.87,high,0.109178111,0.458657476,2,2,2,3,1,1,Low,3,2,1,1,1,Mutated,1.172311049,"SMAD4, KRAS, CDKN2A","SMAD4, KRAS, HLA-A, CDKN2A","SMAD4, KRAS, FGFR4, HLA-A, CDKN2A, TERT",MX,Surgical Complications,Dead,TUMOR FREE,NA,stage iib_n1,n1,t3,head,whipple,pancreas-adenocarcinoma ductal type,Ductal adenocarcinoma,3,no,r0,no,64,2010,male,not hispanic or latino,white,NA,NA,TCGA-US-A77G,whitelist,NA,TRUE,TRUE,classical,normal,12,0
TCGA-US-A77E-01A,Batch 330,Grade 3 - Poorly differentiated (49% or less of tumor composed of glands),20,10,0.39,2.07,high,0.257817935,0.44412182,2,2,1,3,1,1,Low,2,2,1,1,0,Deleted,0.211983971,GNAS,"BRAF, PLCG2, U2AF1, CARD11, SOX17","BRAF, CDH11, GNAS, U2AF1, KIAA1549, CARD11, KLF4",MX,Pancreatic Cancer,Dead,WITH TUMOR,NA,stage iib_n1,n1,t3,head,whipple,pancreas-adenocarcinoma-other subtype,Ductal adenocarcinoma,2,no,r1,no,73,2012,male,not hispanic or latino,white,NA,NA,TCGA-US-A77E,whitelist,NA,TRUE,TRUE,classical,activated,430,1
TCGA-Q3-A5QY-01A,Batch 330,Grade 3 - Poorly differentiated (49% or less of tumor composed of glands),50,15,0.12,2.02,low,0.755183285,0.21527049,LowPurity,1,3,2,LowPurity,NA,non-Aneuploid,3,2,LowPurity,1,1,NA,0.550094381,"KRAS, TP53","KRAS, TP53","KRAS, GRIN2A, WWTR1, TP53",MX,[Not Available],Alive,[Not Available],NA,stage iib_n1,n1,t3,head,whipple,pancreas-adenocarcinoma ductal type,Ductal adenocarcinoma,4,no,r0,no,58,2012,male,not hispanic or latino,white,NA,NA,TCGA-Q3-A5QY,whitelist,NA,TRUE,TRUE,basal,normal,416,0
TCGA-IB-A5ST-01A,Batch 330,Grade 2 - Moderately differentiated (50% to 95% of tumor composed of glands),18,12,0.1,2.04,low,0.703306879,0.196040352,LowPurity,2,3,2,LowPurity,NA,non-Aneuploid,1,1,LowPurity,1,1,NA,0.461135213,"KRAS, TP53","KRAS, TP53, NUP210L, DIAPH1","NUP98, KRAS, TP53, SLC34A2, ARID1B",M0,[Not Available],Alive,TUMOR FREE,NA,stage iib_n1,n1,t3,head,whipple,pancreas-adenocarcinoma ductal type,Ductal adenocarcinoma,2,no,r0,no,64,2012,female,not hispanic or latino,white,NA,NA,TCGA-IB-A5ST,whitelist,NA,TRUE,TRUE,classical,normal,635,0
TCGA-IB-A5SO-01A,Batch 330,Grade 2 - Moderately differentiated (50% to 95% of tumor composed of glands),25,15,0.23,1.87,low,0.36599758,0.297290939,LowPurity,2,1,2,LowPurity,NA,Low,2,2,LowPurity,4,1,NA,0.224078485,"KRAS, TP53, GNAS, TGFBR2","KRAS, TP53, DNMT3A, TGFBR2","KRAS, TP53, GNAS, DNMT3A, TGFBR2",M0,Pancreatic Cancer,Dead,WITH TUMOR,NA,stage iib_n1,n1,t3,head,whipple,pancreas-adenocarcinoma ductal type,Ductal adenocarcinoma,3,no,r0,no,71,2012,male,NA,white,NA,NA,TCGA-IB-A5SO,whitelist,NA,TRUE,TRUE,classical,activated,365,1
TCGA-IB-A5SS-01A,Batch 330,Grade 3 - Poorly differentiated (49% or less of tumor composed of glands),30,32.5,0.46,1.85,high,0.230719435,0.463463246,1,1,3,1,2,2,Low,1,1,2,2,1,Mutated,0.511862325,"SMAD4, KRAS, TP53, CDKN2A","SMAD4, KRAS, TP53, CDKN2A","LRIG3, SMAD4, KRAS, TSC2, TP53, CDKN2A",M0,Pancreatic Cancer,Dead,WITH TUMOR,NA,stage iib_n1,n1,t3,tail or body,distal pancreatectomy,pancreas-adenocarcinoma ductal type,Ductal adenocarcinoma,5,no,r0,no,64,2011,female,not hispanic or latino,white,20,1991,TCGA-IB-A5SS,whitelist,NA,TRUE,TRUE,basal,activated,460,1
TCGA-IB-A6UF-01A,Batch 349,Grade 3 - Poorly differentiated (49% or less of tumor composed of glands),70,15,0.58,1.89,high,0.021241792,0.56593895,1,1,2,1,1,1,Low,1,1,3,3,1,Deleted,0.172861631,"KRAS, TP53","KRAS, TP53, ZNF750, PDAP1","ERC1, KRAS, TP53, ELK4, KMT2D",M0,[Not Available],Alive,WITH TUMOR,NA,stage iib_n1,n1,t3,head,whipple,pancreas-adenocarcinoma ductal type,Ductal adenocarcinoma,7,no,r1,no,63,2012,male,not hispanic or latino,white,40,1973,TCGA-IB-A6UF,whitelist,NA,TRUE,TRUE,basal,normal,666,0
TCGA-HV-A7OP-01A,Batch 349,NA,NA,NA,NA,NA,NA,NA,NA,NA,NA,NA,NA,NA,NA,NA,NA,NA,NA,NA,NA,NA,NA,NA,NA,NA,NA,NA,NA,NA,NA,NA,NA,NA,NA,NA,NA,IPMN,NA,NA,NA,NA,NA,NA,NA,NA,NA,NA,NA,TCGA-HV-A7OP,exclude,NA,FALSE,FALSE,NA,NA,NA,NA
TCGA-FB-A7DR-01A,Batch 349,NA,NA,NA,NA,NA,NA,NA,NA,NA,NA,NA,NA,NA,NA,NA,NA,NA,NA,NA,NA,NA,NA,NA,NA,NA,NA,NA,NA,NA,NA,NA,NA,NA,NA,NA,NA,Did not arise from pancreas,NA,NA,NA,NA,NA,NA,NA,NA,NA,NA,NA,TCGA-FB-A7DR,exclude,NA,FALSE,FALSE,NA,NA,NA,NA
TCGA-HV-A7OL-01A,Batch 349,Grade 2 - Moderately differentiated (50% to 95% of tumor composed of glands),27,20,0.37,1.92,high,0.418392986,0.440135315,2,2,1,3,1,1,Low,2,2,NA,NA,1,Mutated,0.707886136,"KRAS, RNF43, TP53, CDKN2A","KRAS, CREBBP, TP53, COL5A1, CDKN2A","CBL, KRAS, CREBBP, RNF43, TP53, CSF3R, ECT2L, CDKN2A, KMT2D",MX,[Not Available],Alive,[Not Available],NA,stage ia.ib.iia_n0,n0,t3,head,NA,pancreas-adenocarcinoma ductal type,Ductal adenocarcinoma,NA,no,NA,no,70,2012,male,NA,asian,NA,NA,TCGA-HV-A7OL,whitelist,NA,TRUE,TRUE,classical,activated,252,0
TCGA-IB-A6UG-01A,Batch 349,Grade 3 - Poorly differentiated (49% or less of tumor composed of glands),25,22.5,0.22,3.28,low,0.179726964,0.44654718,LowPurity,1,2,4,LowPurity,1,Low,1,2,LowPurity,NA,1,Mutated,1.734521959,"KRAS, TP53, CDKN2A","STK11, KRAS, TP53, CDKN2A","STK11, KRAS, NACA, TP53, CIC, MYH9, FLT4, CDKN2A",M0,"Other, non-malignant disease",Dead,WITH TUMOR,NA,stage iib_n1,n1,t3,head,whipple,pancreas-adenocarcinoma ductal type,Ductal adenocarcinoma,16,no,r1,no,65,2012,male,not hispanic or latino,white,33.75,1968,TCGA-IB-A6UG,whitelist,NA,TRUE,TRUE,basal,normal,41,1
TCGA-HZ-A77P-01A,Batch 349,Grade 3 - Poorly differentiated (49% or less of tumor composed of glands),35,18.5,0.22,1.99,low,0.253973793,0.373658781,LowPurity,2,2,4,LowPurity,2,Low,2,2,LowPurity,NA,1,NA,0.337952015,"TP53, KRAS","TP53, KRAS, CNBD1","TP53, KRAS, COL2A1",MX,[Not Available],Alive,TUMOR FREE,NA,stage iib_n1,n1,t3,head,whipple,pancreas-adenocarcinoma-other subtype,Ductal adenocarcinoma,1,no,r0,no,77,2013,male,not hispanic or latino,white,NA,NA,TCGA-HZ-A77P,whitelist,NA,TRUE,TRUE,classical,normal,330,0
TCGA-HZ-A77O-01A,Batch 349,Grade 3 - Poorly differentiated (49% or less of tumor composed of glands),100,30,0.5,1.61,high,0.174743619,0.379149308,1,1,2,4,2,2,High,3,1,NA,NA,1,Mutated,2.930560079,"KRAS, TP53, CDKN2A","KRAS, TP53, CDKN2A","KRAS, CDH11, TP53, CDKN2A",MX,Pancreatic Cancer,Dead,WITH TUMOR,NA,stage iib_n1,n1,t2.n1,head,whipple,pancreas-adenocarcinoma ductal type,Ductal adenocarcinoma,4,no,r0,no,77,2013,female,not hispanic or latino,white,NA,NA,TCGA-HZ-A77O,whitelist,NA,TRUE,TRUE,basal,activated,160,1
TCGA-LB-A7SX-01A,Batch 349,Grade 2 - Moderately differentiated (50% to 95% of tumor composed of glands),65,10,0.64,1.65,high,0.164005686,0.502870948,1,1,1,3,2,2,High,2,2,2,2,0,Deleted,0.134962045,"TP53, PBRM1","FBXW7, TRAF3, TP53, GNB1, CTNNB1, PBRM1","FBXW7, KIF5B, WIF1, TP53, ZNF521, JAK1, AFF3, RANBP2, CTNNB1, PBRM1",MX,"Other, non-malignant disease",Dead,[Unknown],NA,stage iib_n1,n1,t3,head,whipple,pancreas-adenocarcinoma ductal type,Ductal adenocarcinoma,7,no,r1,yes,74,2013,female,not hispanic or latino,black or african american,40,1952,TCGA-LB-A7SX,whitelist,NA,TRUE,TRUE,basal,normal,393,1
TCGA-RB-A7B8-01A,Batch 349,Grade 2 - Moderately differentiated (50% to 95% of tumor composed of glands),20,15,0.27,2.18,low,0.2695251,0.359886678,LowPurity,2,1,3,LowPurity,2,Low,1,2,LowPurity,1,1,Deleted,0.362664499,"KRAS, GNAS","KRAS, EZH1, FLG, PIK3CA","KRAS, ZNF384, GNAS, ERG, PIK3CA, CACNA1D, SRGAP3",MX,Pancreatic Cancer,Dead,[Unknown],NA,stage iib_n1,n1,t3,head,whipple,pancreas-adenocarcinoma-other subtype,Ductal adenocarcinoma,8,no,r0,no,81,2013,female,not hispanic or latino,white,NA,NA,TCGA-RB-A7B8,whitelist,NA,TRUE,TRUE,classical,activated,466,1
TCGA-US-A776-01A,Batch 349,Grade 1 - Well differentiated (greater than 95% of tumor composed of glands),60,0,0.89,1.98,high,0.023430142,0.507868404,2,2,1,3,2,2,High,3,2,3,3,0,NA,0.185625522,GNAS,"ATM, ZNF180, NUP210L, SF3B1","ATM, MYO5A, CSF3R, GNAS, CLTCL1, SF3B1, FHIT",MX,[Not Available],Alive,TUMOR FREE,"IPMN, Grade based on original submitted diagnosis",stage ia.ib.iia_n0,n0,t3,head,whipple,pancreas-colloid (mucinous non-cystic) carcinoma,Other,0,no,r0,no,61,2011,male,not hispanic or latino,white,NA,NA,TCGA-US-A776,whitelist,NA,TRUE,TRUE,classical,normal,844,0
TCGA-HZ-A8P0-01A,Batch 369,Grade 2 - Moderately differentiated (50% to 95% of tumor composed of glands),50,12,0.38,1.96,high,0.345758065,0.375719754,2,2,2,4,2,2,Low,2,2,NA,NA,1,Mutated,0.576759623,"KRAS, CDKN2A","STK11, KRAS, CDKN2A","STK11, KRAS, DICER1, CXCR4, TNFAIP3, CDKN2A",MX,[Not Available],Alive,TUMOR FREE,NA,stage iib_n1,n1,t3,head,whipple,pancreas-adenocarcinoma ductal type,Ductal adenocarcinoma,15,NA,r0,no,76,2013,male,not hispanic or latino,white,20,1968,TCGA-HZ-A8P0,whitelist,NA,TRUE,TRUE,classical,activated,0,0
TCGA-IB-A7LX-01A,Batch 369,Grade 3 - Poorly differentiated (49% or less of tumor composed of glands),50,30,0.55,3.15,high,0.062955266,0.580668232,1,1,3,1,1,1,High,1,1,4,4,1,Deleted,0.071180049,KRAS,"KRAS, SF3B1","FAS, TPR, KRAS, SF3B1, FAT4",MX,Pancreatic Cancer,Dead,WITH TUMOR,adenosquamous,stage iib_n1,n1,t3,head,whipple,pancreas-adenocarcinoma ductal type,Adenosquamous,4,no,r0,no,57,2012,male,not hispanic or latino,white,NA,NA,TCGA-IB-A7LX,whitelist,NA,TRUE,TRUE,basal,activated,250,1
TCGA-HZ-A77Q-01A,Batch 369,Grade 3 - Poorly differentiated (49% or less of tumor composed of glands),3,10.5,0.23,1.89,low,0.440021345,0.329330659,LowPurity,1,3,2,LowPurity,1,Low,1,1,LowPurity,NA,1,Deleted,0.266296766,"RNF43, SMAD4, KRAS, TP53","MAP2K4, SMAD4, KRAS, TP53","MAP2K4, GATA2, RNF43, SMAD4, KRAS, TP53, RNF213, AFF1, IKZF1",MX,[Not Available],Alive,TUMOR FREE,NA,stage iib_n1,n1,t3,head,whipple,pancreas-adenocarcinoma-other subtype,Ductal adenocarcinoma,1,NA,r0,no,55,2013,female,not hispanic or latino,white,15,1983,TCGA-HZ-A77Q,whitelist,NA,TRUE,TRUE,basal,normal,33,0
TCGA-IB-A7M4-01A,Batch 369,Grade 3 - Poorly differentiated (49% or less of tumor composed of glands),30,10,0.44,1.98,high,0.286336927,0.451092074,1,1,1,1,2,2,High,1,1,1,1,1,NA,3.496775957,"KRAS, TP53","KRAS, WASF3, TP53","CLTC, TOP1, PER1, ETV6, KRAS, TP53, ZNF521, STIL",MX,[Not Available],Alive,TUMOR FREE,NA,stage iib_n1,n1,t3,tail or body,distal pancreatectomy,pancreas-adenocarcinoma ductal type,Ductal adenocarcinoma,1,no,r0,no,81,2013,male,not hispanic or latino,white,52,1956,TCGA-IB-A7M4,whitelist,NA,TRUE,TRUE,basal,activated,483,0
TCGA-L1-A7W4-01A,Batch 369,NA,NA,NA,NA,NA,NA,NA,NA,NA,NA,NA,NA,NA,NA,NA,NA,NA,NA,NA,NA,NA,NA,NA,NA,NA,NA,NA,NA,NA,NA,NA,NA,NA,NA,NA,NA,NA,NA,NA,NA,NA,NA,NA,NA,NA,NA,NA,NA,TCGA-L1-A7W4,exclude,NA,FALSE,FALSE,NA,NA,NA,NA
TCGA-XN-A8T5-01A,Batch 369,Grade 3 - Poorly differentiated (49% or less of tumor composed of glands),100,2,0.09,2.01,low,0.589016688,0.223566994,LowPurity,1,3,2,LowPurity,NA,non-Aneuploid,2,1,LowPurity,3,1,NA,0.624293727,"KRAS, TP53","KRAS, TP53, CD1D","KRAS, FANCA, TP53, NCKIPSD",M0,[Not Available],Alive,WITH TUMOR,NA,stage ia.ib.iia_n0,n0,t1_or_t2.n0,head,whipple,pancreas-adenocarcinoma-other subtype,Ductal adenocarcinoma,0,yes,r1,no,53,2012,female,hispanic or latino,white,15.2,1974,TCGA-XN-A8T5,whitelist,NA,TRUE,TRUE,basal,normal,720,0
TCGA-LB-A8F3-01A,Batch 369,Grade 3 - Poorly differentiated (49% or less of tumor composed of glands),80,37.5,0.33,3.01,high,0.041608987,0.401927262,2,2,2,4,1,1,Low,3,2,3,3,0,Deleted,0.679444062,NA,STAG2,"GATA2, STAG2",MX,[Not Available],Alive,TUMOR FREE,NA,stage ia.ib.iia_n0,n0,t3,head,whipple,pancreas-adenocarcinoma ductal type,Ductal adenocarcinoma,0,yes,r0,NA,64,2013,female,not hispanic or latino,black or african american,NA,NA,TCGA-LB-A8F3,whitelist,NA,TRUE,TRUE,classical,activated,379,0
TCGA-YB-A89D-01A,Batch 369,Grade 2 - Moderately differentiated (50% to 95% of tumor composed of glands),10,17.5,0.24,3.28,low,0.253440118,0.420071978,LowPurity,2,1,3,LowPurity,2,Low,2,1,LowPurity,2,1,Mutated,2.643280683,"CDKN2A, KRAS, SMAD4, TP53","CDKN2A, KRAS, SMAD4, ATM, TP53","CDKN2A, KRAS, SMAD4, ATM, PMS2, TP53",MX,[Not Available],Alive,TUMOR FREE,NA,stage iib_n1,n1,t3,head,whipple,pancreas-adenocarcinoma ductal type,Ductal adenocarcinoma,4,yes,r0,no,59,2013,male,not hispanic or latino,white,NA,NA,TCGA-YB-A89D,whitelist,NA,TRUE,TRUE,classical,activated,350,0
TCGA-YY-A8LH-01A,Batch 369,Grade 3 - Poorly differentiated (49% or less of tumor composed of glands),40,19.167,0.55,3.73,high,0.085123391,0.544506921,2,2,1,3,1,1,Low,2,2,3,3,1,Methylated,0.30952449,"KRAS, RNF43, ARID1A","KRAS, PPP2R1A, ARID1A, DNER, BCOR","KRAS, RNF43, PPP2R1A, LMNA, ARID1A, BCOR",MX,[Not Available],Alive,TUMOR FREE,NA,stage iib_n1,n1,t3,tail or body,NA,pancreas-adenocarcinoma ductal type,Ductal adenocarcinoma,2,yes,r0,no,61,2009,female,not hispanic or latino,white,46,1963,TCGA-YY-A8LH,whitelist,NA,TRUE,TRUE,classical,normal,2016,0
TCGA-YB-A89D-11A,NA,NA,NA,NA,NA,NA,NA,NA,NA,NA,NA,NA,NA,NA,NA,NA,NA,NA,NA,NA,NA,NA,NA,NA,NA,NA,NA,NA,NA,NA,NA,NA,NA,NA,NA,NA,NA,pancreas with pancreatic cancer at ~10% neoplastic cellularity,NA,NA,NA,NA,NA,NA,NA,NA,NA,NA,NA,TCGA-YB-A89DA,normal,Normal sample contaminated with cancer,FALSE,FALSE,NA,NA,NA,NA
TCGA-S4-A8RP-01A,Batch 369,Grade 2 - Moderately differentiated (50% to 95% of tumor composed of glands),10,9.5,0.52,1.96,high,0.139082959,0.464095988,2,2,2,3,2,2,Low,2,2,3,3,1,NA,0.520070091,"SMAD4, KRAS","SMAD4, SGK1, KRAS","SMAD4, KRAS, GAS7, DCTN1, NONO",MX,[Unknown],Dead,[Unknown],NA,stage iib_n1,n1,t3,head,whipple,pancreas-adenocarcinoma ductal type,Ductal adenocarcinoma,2,yes,r0,no,77,2010,female,NA,white,26,NA,TCGA-S4-A8RP,whitelist,NA,TRUE,TRUE,classical,activated,702,1
TCGA-XN-A8T3-01A,Batch 369,Grade 2 - Moderately differentiated (50% to 95% of tumor composed of glands),20,3,0.19,3.53,low,0.162594985,0.337433657,LowPurity,1,2,4,LowPurity,2,Low,1,1,LowPurity,NA,1,Deleted,0.157915681,"KRAS, TP53","MYCN, KRAS, TP53, CDC27","MSI2, TPR, MYCN, EIF4A2, KRAS, TP53, PALB2",M0,[Not Available],Alive,WITH TUMOR,NA,stage ia.ib.iia_n0,n0,t1_or_t2.n0,head,whipple,pancreas-adenocarcinoma ductal type,Ductal adenocarcinoma,0,yes,r1,no,67,2012,male,hispanic or latino,white,NA,NA,TCGA-XN-A8T3,whitelist,NA,TRUE,TRUE,basal,activated,951,0
TCGA-F2-A8YN-01A,Batch 390,Grade 2 - Moderately differentiated (50% to 95% of tumor composed of glands),60,52.5,0.57,1.8,high,0.152080275,0.502831883,1,1,1,3,2,2,Low,1,1,4,4,1,NA,3.572072036,"TP53, KRAS","TP53, KRAS, XIRP2","TP53, KRAS, BCL11A, PTCH1",M0,[Not Available],Alive,WITH TUMOR,NA,stage ia.ib.iia_n0,n0,t3,head,whipple,pancreas-adenocarcinoma ductal type,Ductal adenocarcinoma,0,no,r1,no,76,2013,male,not hispanic or latino,white,60,NA,TCGA-F2-A8YN,whitelist,NA,TRUE,TRUE,basal,activated,517,0
TCGA-S4-A8RO-01A,Batch 390,Grade 3 - Poorly differentiated (49% or less of tumor composed of glands),30,39,0.68,2.08,high,0.069497399,0.647130383,1,1,1,1,1,1,High,1,2,3,3,1,NA,2.576406031,"KRAS, TP53","KRAS, TP53, KEAP1","KRAS, TP53",MX,[Not Available],Alive,WITH TUMOR,NA,stage iib_n1,n1,t3,head,whipple,pancreas-adenocarcinoma ductal type,Ductal adenocarcinoma,1,yes,r1,no,75,2013,female,not hispanic or latino,white,NA,NA,TCGA-S4-A8RO,whitelist,NA,TRUE,TRUE,basal,activated,525,0
TCGA-HZ-A8P1-01A,Batch 390,Grade 2 - Moderately differentiated (50% to 95% of tumor composed of glands),30,17.5,0.67,1.88,high,0.096748846,0.605095165,2,2,1,3,1,1,Low,2,2,NA,NA,1,NA,0.590009702,"SMAD4, ARID1A, KRAS, PBRM1","SMAD4, ARID1A, KRAS, PBRM1, CDC27","SMAD4, ARID1A, KRAS, PBRM1, IKBKB",MX,[Not Available],Alive,TUMOR FREE,NA,stage ia.ib.iia_n0,n0,t1_or_t2.n0,tail or body,NA,pancreas-adenocarcinoma ductal type,Ductal adenocarcinoma,0,NA,r0,no,81,2013,male,not hispanic or latino,white,15,1952,TCGA-HZ-A8P1,whitelist,NA,TRUE,TRUE,classical,activated,7,0
TCGA-IB-AAUM-01A,Batch 390,Grade 2 - Moderately differentiated (50% to 95% of tumor composed of glands),15,8.5,0.27,2.04,low,0.21948346,0.218837302,LowPurity,2,2,4,LowPurity,NA,Low,3,2,LowPurity,3,1,NA,0.183604114,"KRAS, SMAD4","KRAS, SMAD4, FLG, KEL, AZGP1","KRAS, SMAD4",M0,[Not Available],Alive,WITH TUMOR,NA,stage iib_n1,n1,t2.n1,head,whipple,pancreas-adenocarcinoma ductal type,Ductal adenocarcinoma,1,no,r0,no,76,2013,male,not hispanic or latino,white,NA,NA,TCGA-IB-AAUM,whitelist,NA,TRUE,TRUE,classical,normal,8,0
TCGA-IB-AAUP-01A,Batch 390,Grade 2 - Moderately differentiated (50% to 95% of tumor composed of glands),15,3,0.15,2.1,low,0.619342835,0.278807769,LowPurity,2,3,2,LowPurity,2,Low,1,2,LowPurity,2,1,NA,0.065208353,KRAS,"KRAS, MXRA5","KRAS, HERPUD1, RNF213, ATRX",M0,[Not Available],Alive,TUMOR FREE,NA,stage iib_n1,n1,t3,head,NA,pancreas-adenocarcinoma ductal type,Ductal adenocarcinoma,7,no,r1,no,68,2013,male,not hispanic or latino,white,NA,NA,TCGA-IB-AAUP,whitelist,NA,TRUE,TRUE,classical,activated,431,0
TCGA-IB-AAUT-01A,Batch 390,Grade 4 - Undifferentiated,100,17.5,0.11,2.01,low,0.319441271,0.134502426,LowPurity,2,2,4,LowPurity,NA,non-Aneuploid,3,2,LowPurity,NA,0,NA,0.512164278,"GNAS, ARID1A","ANK3, ARID1A","GNAS, RHOH, ARID1A",M0,[Not Available],Alive,TUMOR FREE,colloid,stage iib_n1,n1,t2.n1,head,whipple,pancreas-colloid (mucinous non-cystic) carcinoma,Colloid (mucinous noncystic),7,no,r1,no,65,2013,male,not hispanic or latino,white,15,1988,TCGA-IB-AAUT,whitelist,NA,TRUE,TRUE,classical,activated,287,0
TCGA-YH-A8SY-01A,Batch 390,Grade 2 - Moderately differentiated (50% to 95% of tumor composed of glands),50,20,0.22,3.36,low,0.21758536,0.407924521,LowPurity,1,3,1,LowPurity,2,High,1,1,LowPurity,1,1,NA,0.07752697,"KRAS, TP53","KRAS, CREBBP, TP53, RASA1, FBXW7","KRAS, CREBBP, TP53, MALT1, AFF3, CACNA1D, FBXW7",MX,[Not Available],Alive,[Not Available],NA,stage iii,n1,t3,head,whipple,NA,Ductal adenocarcinoma,16,yes,NA,no,73,2011,female,not hispanic or latino,white,NA,NA,TCGA-YH-A8SY,whitelist,NA,TRUE,TRUE,basal,activated,388,0
TCGA-3A-A9IO-01A,Batch 392,NA,NA,NA,NA,NA,NA,NA,NA,NA,NA,NA,NA,NA,NA,NA,NA,NA,NA,NA,NA,NA,NA,NA,NA,NA,NA,NA,NA,NA,NA,NA,NA,NA,NA,NA,NA,neuroendocrine,NA,NA,NA,NA,NA,NA,NA,NA,NA,NA,NA,TCGA-3A-A9IO,exclude,NA,FALSE,FALSE,NA,NA,NA,NA
TCGA-IB-AAUU-01A,Batch 390,Grade 3 - Poorly differentiated (49% or less of tumor composed of glands),100,15,0.37,3.3,high,0.156452059,0.498414381,2,2,1,3,2,2,High,2,2,2,2,1,Deleted,0.15245589,"TP53, KRAS, ARID1A","TP53, POU2AF1, KRAS, ERCC2, ARID1A","TP53, POU2AF1, PCSK7, KRAS, ERCC2, PDCD1LG2, ARID1A",M0,[Not Available],Alive,TUMOR FREE,NA,stage iib_n1,n1,t3,head,whipple,pancreas-adenocarcinoma ductal type,Ductal adenocarcinoma,2,no,r0,no,35,2013,male,not hispanic or latino,white,15,NA,TCGA-IB-AAUU,whitelist,NA,TRUE,TRUE,classical,activated,245,0
TCGA-IB-AAUS-01A,Batch 392,Grade 2 - Moderately differentiated (50% to 95% of tumor composed of glands),100,33.25,0.13,2,low,0.586422262,0.163547906,LowPurity,1,2,2,LowPurity,NA,non-Aneuploid,1,1,LowPurity,1,1,NA,0.525220825,KRAS,"KRAS, MAP2K4, PIK3CA, BCOR","KRAS, MAP2K4, THRAP3, PIK3CA, TERT, AKAP9, TRRAP, BCOR",M0,[Not Available],Alive,WITH TUMOR,NA,stage iib_n1,n1,t3,other (please specify),whipple,pancreas-adenocarcinoma ductal type,Ductal adenocarcinoma,2,no,r1,no,84,2013,female,not hispanic or latino,white,40,1948,TCGA-IB-AAUS,whitelist,NA,TRUE,TRUE,basal,activated,225,0
TCGA-Q3-AA2A-01A,Batch 390,Grade 2 - Moderately differentiated (50% to 95% of tumor composed of glands),40,27.5,0.54,1.93,high,0.26848671,0.45553324,2,2,1,3,2,2,Low,2,2,1,1,1,NA,0.489153298,KRAS,KRAS,"KRAS, CLTCL1",MX,[Not Available],Alive,TUMOR FREE,NA,stage ia.ib.iia_n0,n1,t3,head,whipple,pancreas-adenocarcinoma ductal type,Ductal adenocarcinoma,9,no,NA,NA,64,2013,female,not hispanic or latino,white,NA,NA,TCGA-Q3-AA2A,whitelist,NA,TRUE,TRUE,classical,normal,95,0
TCGA-S4-A8RM-01A,Batch 390,Grade 2 - Moderately differentiated (50% to 95% of tumor composed of glands),30,52.5,0.64,1.98,high,0.134199912,0.572409942,2,2,1,3,1,1,Low,2,2,3,3,1,Deleted,0.118784075,"SMAD4, KRAS, RNF43","SMAD4, KRAS","SMAD4, ARHGEF12, KRAS, STAT6, RNF43, RNF213, KMT2C",MX,[Not Available],Alive,TUMOR FREE,IPMN,stage iib_n1,n1,t3,other (please specify),NA,pancreas-adenocarcinoma ductal type,Other,1,no,r0,no,67,2013,male,not hispanic or latino,white,25,1966,TCGA-S4-A8RM,whitelist,NA,TRUE,TRUE,classical,normal,737,0
TCGA-2L-AAQA-01A,Batch 392,Grade 2 - Moderately differentiated (50% to 95% of tumor composed of glands),100,20,0.6,1.89,high,0.096681489,0.549001178,2,2,1,3,1,1,Low,1,2,3,3,1,Methylated,0.968946139,"RNF43, KRAS, TP53","KRAS, TP53, ALPK2, PDCD2L, PIK3CA","RNF43, KRAS, TP53, FANCD2, PIK3CA",MX,Pancreatic Cancer,Dead,WITH TUMOR,NA,stage iib_n1,n1,t3,head,whipple,pancreas-adenocarcinoma ductal type,Ductal adenocarcinoma,6,no,r1,no,76,2010,male,NA,white,30,NA,TCGA-2L-AAQA,whitelist,NA,TRUE,TRUE,classical,activated,143,1
TCGA-2L-AAQL-01A,Batch 392,Grade 3 - Poorly differentiated (49% or less of tumor composed of glands),60,8.333,0.38,1.79,high,0.156889279,0.446077644,2,2,2,3,1,1,Low,2,2,2,2,1,NA,0.585871154,"TGFBR2, KRAS, TP53","TGFBR2, KRAS, CHD8, TP53, KEL, COL5A1","TGFBR2, KRAS, TP53, MALT1",MX,Pancreatic Cancer,Dead,WITH TUMOR,NA,stage iib_n1,n1,t3,head,whipple,pancreas-adenocarcinoma ductal type,Ductal adenocarcinoma,3,no,NA,no,82,2011,male,NA,white,NA,NA,TCGA-2L-AAQL,whitelist,NA,TRUE,TRUE,classical,normal,292,1
TCGA-3A-A9I5-01A,Batch 392,Grade 2 - Moderately differentiated (50% to 95% of tumor composed of glands),70,16.667,0.33,1.98,high,0.29829826,0.420950781,2,2,2,4,1,1,Low,1,2,1,1,0,Methylated/Deleted,0.616588263,NA,"MUC17, U2AF1","FGFR4, U2AF1",MX,[Not Available],Alive,TUMOR FREE,NA,NA,n0,NA,other (please specify),whipple,pancreas-adenocarcinoma ductal type,Ductal adenocarcinoma,0,yes,r0,no,57,2009,male,not hispanic or latino,white,NA,NA,TCGA-3A-A9I5,whitelist,NA,TRUE,TRUE,classical,normal,1794,0
TCGA-3A-A9I9-01A,Batch 392,Grade 3 - Poorly differentiated (49% or less of tumor composed of glands),70,15,0.3,1.87,low,0.24141811,0.364435643,LowPurity,2,2,4,LowPurity,2,Low,3,2,LowPurity,NA,1,NA,1.091952407,"KRAS, TP53, RREB1","POLE, KRAS, CDC27, TP53, PPP2R1A, FAT1","POLE, KRAS, TP53, RNF213, PPP2R1A, THRAP3, ETV5, FAT1, TNFAIP3, NCOA2",MX,Pancreatic Cancer,Dead,WITH TUMOR,NA,stage ia.ib.iia_n0,n0,t3,head,whipple,pancreas-adenocarcinoma ductal type,Ductal adenocarcinoma,0,yes,r0,no,67,2011,male,not hispanic or latino,white,75,NA,TCGA-3A-A9I9,whitelist,NA,TRUE,TRUE,classical,normal,634,1
TCGA-3A-A9I7-01A,Batch 392,Grade 3 - Poorly differentiated (49% or less of tumor composed of glands),70,27.5,0.19,1.94,low,0.310955029,0.265062099,LowPurity,2,2,2,LowPurity,NA,non-Aneuploid,2,1,LowPurity,NA,1,Mutated,3.166617221,"KRAS, CDKN2A, TP53","KRAS, CDKN2A, TP53","KRAS, ZNF521, CDKN2A, TP53",MX,[Not Available],Alive,WITH TUMOR,NA,stage iib_n1,n1,t3,head,whipple,pancreas-adenocarcinoma ductal type,Ductal adenocarcinoma,2,yes,r0,no,45,2010,male,not hispanic or latino,black or african american,NA,NA,TCGA-3A-A9I7,whitelist,NA,TRUE,TRUE,classical,activated,1323,0
TCGA-3A-A9IR-01A,Batch 392,NA,NA,NA,NA,NA,NA,NA,NA,NA,NA,NA,NA,NA,NA,NA,NA,NA,NA,NA,NA,NA,NA,NA,NA,NA,NA,NA,NA,NA,NA,NA,NA,NA,NA,NA,NA,neuroendocrine,NA,NA,NA,NA,NA,NA,NA,NA,NA,NA,NA,TCGA-3A-A9IR,exclude,NA,FALSE,FALSE,NA,NA,NA,NA
TCGA-3E-AAAY-01A,Batch 392,Grade 2 - Moderately differentiated (50% to 95% of tumor composed of glands),50,6,0.11,1.86,low,0.318007536,0.256331499,LowPurity,2,2,4,LowPurity,2,Low,2,2,LowPurity,NA,1,NA,0.536747076,"KRAS, TP53","KRAS, TP53","KRAS, COL1A1, TP53, PRDM16, TAL1, HOOK3, TERT",MX,[Not Available],Alive,TUMOR FREE,NA,stage iib_n1,n1,t3,other (please specify),NA,pancreas-adenocarcinoma ductal type,Ductal adenocarcinoma,5,no,NA,no,67,2008,male,not hispanic or latino,white,NA,NA,TCGA-3E-AAAY,whitelist,NA,TRUE,TRUE,classical,normal,2285,0
TCGA-3E-AAAZ-01A,Batch 392,Grade 2 - Moderately differentiated (50% to 95% of tumor composed of glands),60,10,0.38,1.81,high,0.188793966,0.450081588,2,2,2,3,1,1,Low,2,2,2,2,1,NA,0.679670691,"KRAS, RNF43, SMAD4","ATM, KRAS, SMAD2, SMAD4","CDC73, ATM, KRAS, RNF43, SMAD2, SMAD4",MX,"Other, specify",Dead,WITH TUMOR,NA,stage ia.ib.iia_n0,n0,t3,head,NA,pancreas-adenocarcinoma ductal type,Ductal adenocarcinoma,0,NA,NA,NA,71,2008,male,hispanic or latino,white,NA,NA,TCGA-3E-AAAZ,whitelist,NA,TRUE,TRUE,classical,normal,2182,1
TCGA-F2-A7TX-01A,Batch 392,Grade 3 - Poorly differentiated (49% or less of tumor composed of glands),50,1,0.19,3.45,low,0.317266024,0.375967935,LowPurity,1,2,4,LowPurity,2,Low,3,1,LowPurity,NA,1,NA,1.360673836,"KRAS, TP53, ARID1A","KRAS, TP53, ARID1A, SLC1A3, RXRA, ATM","KRAS, TP53, ARID1A, ATM",M0,Pancreatic Cancer,Dead,WITH TUMOR,NA,stage iib_n1,n1,t3,head,whipple,pancreas-adenocarcinoma ductal type,Ductal adenocarcinoma,7,no,r1,no,77,2013,male,NA,white,NA,NA,TCGA-F2-A7TX,whitelist,NA,TRUE,TRUE,basal,normal,95,1
TCGA-IB-AAUN-01A,Batch 392,Grade 3 - Poorly differentiated (49% or less of tumor composed of glands),10,10,0.56,1.8,high,0.108124138,0.525927072,1,1,2,4,1,1,High,1,1,2,2,1,NA,2.593685215,"SMAD4, KRAS, TP53","MBD1, SMAD4, KRAS, TP53","SMAD4, BCL7A, KRAS, TP53, FAT4, ATRX",M0,[Unknown],Dead,[Unknown],NA,stage ia.ib.iia_n0,n0,t1_or_t2.n0,head,whipple,pancreas-adenocarcinoma ductal type,Ductal adenocarcinoma,0,no,r1,no,74,2013,female,not hispanic or latino,white,NA,NA,TCGA-IB-AAUN,whitelist,NA,TRUE,TRUE,basal,activated,144,1
TCGA-IB-AAUV-01A,Batch 392,NA,NA,NA,NA,NA,NA,NA,NA,NA,NA,NA,NA,NA,NA,NA,NA,NA,NA,NA,NA,NA,NA,NA,NA,NA,NA,NA,NA,NA,NA,NA,NA,NA,NA,NA,NA,stroma,NA,NA,NA,NA,NA,NA,NA,NA,NA,NA,NA,TCGA-IB-AAUV,pseudonormal,NA,FALSE,TRUE,NA,activated,NA,NA
TCGA-IB-AAUW-01A,Batch 392,NA,NA,NA,NA,NA,NA,NA,NA,NA,NA,NA,NA,NA,NA,NA,NA,NA,NA,NA,NA,NA,NA,NA,NA,NA,NA,NA,NA,NA,NA,NA,NA,NA,NA,NA,NA,stroma,NA,NA,NA,NA,NA,NA,NA,NA,NA,NA,NA,TCGA-IB-AAUW,pseudonormal,NA,FALSE,TRUE,NA,normal,NA,NA
TCGA-IB-AAUO-01A,Batch 392,Grade 3 - Poorly differentiated (49% or less of tumor composed of glands),20,25,0.38,1.86,high,0.349204437,0.442154062,1,1,3,1,2,2,Low,1,2,1,1,1,NA,0.174690832,KRAS,"KRAS, IDH2, BRCA1, FAT1, COL5A1","ZBTB16, KRAS, IDH2, BRCA1, FAT1",M0,[Unknown],Dead,WITH TUMOR,NA,stage iib_n1,n1,t3,head,whipple,pancreas-adenocarcinoma ductal type,Ductal adenocarcinoma,5,no,r1,no,64,2013,female,not hispanic or latino,white,NA,NA,TCGA-IB-AAUO,whitelist,NA,TRUE,TRUE,basal,activated,239,1
TCGA-3A-A9IL-01A,Batch 392,NA,NA,NA,NA,NA,NA,NA,NA,NA,NA,NA,NA,NA,NA,NA,NA,NA,NA,NA,NA,NA,NA,NA,NA,NA,NA,NA,NA,NA,NA,NA,NA,NA,NA,NA,NA,neuroendocrine,NA,NA,NA,NA,NA,NA,NA,NA,NA,NA,NA,TCGA-3A-A9IL,exclude,NA,FALSE,FALSE,NA,NA,NA,NA
TCGA-3A-A9IC-01A,Batch 392,Grade 2 - Moderately differentiated (50% to 95% of tumor composed of glands),80,20,0.37,1.8,high,0.230446264,0.434605721,2,2,3,1,2,2,Low,1,1,NA,NA,1,NA,2.457335329,"KRAS, TGFBR2","KRAS, TGFBR2, MUC17, FBXW7","KRAS, PMS1, TGFBR2, FBXW7",MX,Pancreatic Cancer,Dead,WITH TUMOR,NA,stage iib_n1,n1,t3,head,whipple,pancreas-adenocarcinoma ductal type,Ductal adenocarcinoma,4,yes,r0,yes,61,2011,female,not hispanic or latino,white,NA,NA,TCGA-3A-A9IC,whitelist,NA,TRUE,TRUE,classical,activated,738,1
TCGA-IB-AAUR-01A,Batch 392,Grade 2 - Moderately differentiated (50% to 95% of tumor composed of glands),10,30.5,0.18,2.01,low,0.69358213,0.217410345,LowPurity,1,3,2,LowPurity,NA,non-Aneuploid,1,2,LowPurity,NA,1,NA,1.555461537,"KRAS, SMAD4, ARID1A","KRAS, MGA, SMAD4, ARID1A","KRAS, CDH11, SMAD4, TFPT, ARID1A, MECOM, WRN",M0,[Not Available],Alive,WITH TUMOR,NA,stage iib_n1,n1,t3,head,whipple,pancreas-adenocarcinoma ductal type,Ductal adenocarcinoma,9,no,r1,no,67,2013,male,not hispanic or latino,white,NA,NA,TCGA-IB-AAUR,whitelist,NA,TRUE,TRUE,basal,normal,338,0
TCGA-FB-A545-01A,Batch 284,Grade 3 - Poorly differentiated (49% or less of tumor composed of glands),35,20,0.53,3.13,high,0.021206649,0.648739753,1,1,3,1,1,1,High,3,1,4,4,1,Mutated,2.750753589,"CDKN2A, KRAS, TP53","CDKN2A, KRAS, TP53","CDKN2A, KRAS, NTRK3, TP53",M0,Pancreatic Cancer,Dead,TUMOR FREE,NA,stage iib_n1,n1,t3,tail or body,distal pancreatectomy,pancreas-adenocarcinoma ductal type,Ductal adenocarcinoma,4,no,NA,NA,72,2012,female,not hispanic or latino,white,NA,NA,TCGA-FB-A545,whitelist,NA,TRUE,TRUE,basal,activated,732,1
